time_in_frame_utc,N,offset_from_own_slot_ms,rs_fixes,chase_flips,snr_db,preamble_corr,source_file
2026-09-28 10:22:39,281302053,-0.0,0,0,17,0.97,20260928_102000.wav
2026-09-28 10:22:42,281302054,+0.1,0,0,15,0.96,20260928_102000.wav
2026-09-28 10:22:51,281302057,-0.0,0,0,17,0.97,20260928_102000.wav
2026-09-28 10:23:03,281302061,+0.1,0,0,17,0.97,20260928_102000.wav
2026-09-28 10:23:30,281302070,-0.0,0,0,17,0.97,20260928_102000.wav
2026-09-28 10:23:48,281302076,-0.0,0,0,16,0.97,20260928_102000.wav
2026-09-28 10:23:54,281302078,-0.1,0,0,16,0.97,20260928_102000.wav
2026-09-28 10:24:03,281302081,-0.1,0,0,16,0.96,20260928_102000.wav
2026-09-28 10:24:18,281302086,+0.1,0,0,17,0.97,20260928_102000.wav
2026-09-28 10:24:24,281302088,+0.0,0,0,17,0.97,20260928_102000.wav
2026-09-28 10:24:30,281302090,+0.0,0,0,18,0.97,20260928_102000.wav
2026-09-28 10:25:00,281302100,+0.1,0,0,17,0.97,20260928_102000.wav
2026-09-28 10:25:03,281302101,+0.0,0,0,17,0.97,20260928_102000.wav
2026-09-28 10:25:09,281302103,+0.0,0,0,16,0.97,20260928_102000.wav
2026-09-28 10:25:12,281302104,+0.0,0,0,17,0.97,20260928_102000.wav
2026-09-28 10:25:15,281302105,+0.0,0,0,15,0.96,20260928_102000.wav
2026-09-28 10:25:18,281302106,+0.1,0,0,16,0.97,20260928_102000.wav
2026-09-28 10:25:30,281302110,-0.1,0,0,16,0.96,20260928_102000.wav
2026-09-28 10:25:42,281302114,+0.0,0,0,17,0.97,20260928_102000.wav
2026-09-28 10:25:51,281302117,+0.0,0,0,15,0.96,20260928_102000.wav
2026-09-28 10:26:03,281302121,+0.0,0,0,17,0.97,20260928_102000.wav
2026-09-28 10:26:42,281302134,+0.1,0,0,17,0.97,20260928_102000.wav
2026-09-28 10:27:03,281302141,+0.1,0,0,16,0.97,20260928_102000.wav
2026-09-28 10:27:12,281302144,+0.1,0,0,17,0.98,20260928_102000.wav
2026-09-28 10:27:18,281302146,+0.1,0,0,16,0.97,20260928_102000.wav
2026-09-28 10:27:45,281302155,+0.0,0,0,15,0.96,20260928_102000.wav
2026-09-28 10:27:48,281302156,+0.1,0,0,14,0.96,20260928_102000.wav
2026-09-28 10:27:54,281302158,+0.0,0,0,17,0.97,20260928_102000.wav
2026-09-28 10:28:03,281302161,+0.1,0,0,16,0.97,20260928_102000.wav
2026-09-28 10:28:42,281302174,+0.1,0,0,17,0.97,20260928_102000.wav
2026-09-28 10:29:03,281302181,+0.1,0,0,16,0.97,20260928_102000.wav
2026-09-28 10:29:39,281302193,+0.2,0,0,16,0.97,20260928_102000.wav
2026-09-28 10:30:03,281302201,+0.3,0,0,7,0.85,20260928_103000.wav
2026-09-28 10:31:03,281302221,+0.1,0,0,18,0.98,20260928_103000.wav
2026-09-28 10:31:30,281302230,+0.0,0,0,15,0.96,20260928_103000.wav
2026-09-28 10:31:36,281302232,+0.1,0,0,16,0.97,20260928_103000.wav
2026-09-28 10:31:42,281302234,-0.1,0,0,18,0.97,20260928_103000.wav
2026-09-28 10:31:51,281302237,+0.0,0,0,15,0.96,20260928_103000.wav
2026-09-28 10:32:03,281302241,+0.0,0,0,16,0.96,20260928_103000.wav
2026-09-28 10:32:15,281302245,+0.0,0,0,16,0.97,20260928_103000.wav
2026-09-28 10:32:27,281302249,+0.0,0,0,16,0.97,20260928_103000.wav
2026-09-28 10:32:30,281302250,-0.1,0,0,15,0.96,20260928_103000.wav
2026-09-28 10:32:39,281302253,+0.0,0,0,17,0.97,20260928_103000.wav
2026-09-28 10:32:48,281302256,+0.0,0,0,18,0.97,20260928_103000.wav
2026-09-28 10:32:54,281302258,+0.1,0,0,17,0.97,20260928_103000.wav
2026-09-28 10:32:57,281302259,+0.0,0,0,19,0.97,20260928_103000.wav
2026-09-28 10:33:03,281302261,+0.1,0,0,16,0.97,20260928_103000.wav
2026-09-28 10:33:15,281302265,+0.1,0,0,17,0.97,20260928_103000.wav
2026-09-28 10:33:18,281302266,+0.0,0,0,16,0.97,20260928_103000.wav
2026-09-28 10:33:21,281302267,+0.0,0,0,15,0.97,20260928_103000.wav
2026-09-28 10:33:24,281302268,+0.0,0,0,15,0.96,20260928_103000.wav
2026-09-28 10:33:39,281302273,+0.1,0,0,16,0.96,20260928_103000.wav
2026-09-28 10:33:45,281302275,-0.1,0,0,15,0.97,20260928_103000.wav
2026-09-28 10:34:03,281302281,+0.0,0,0,17,0.97,20260928_103000.wav
2026-09-28 10:34:12,281302284,+0.0,0,0,16,0.97,20260928_103000.wav
2026-09-28 10:34:30,281302290,+0.0,0,0,16,0.96,20260928_103000.wav
2026-09-28 10:35:03,281302301,+0.0,0,0,18,0.97,20260928_103000.wav
2026-09-28 10:35:15,281302305,-0.1,0,0,16,0.97,20260928_103000.wav
2026-09-28 10:35:39,281302313,-0.1,0,0,17,0.97,20260928_103000.wav
2026-09-28 10:35:45,281302315,+0.0,0,0,18,0.97,20260928_103000.wav
2026-09-28 10:35:48,281302316,+0.0,0,0,16,0.96,20260928_103000.wav
2026-09-28 10:36:03,281302321,+0.0,0,0,15,0.96,20260928_103000.wav
2026-09-28 10:36:21,281302327,+0.0,0,0,16,0.97,20260928_103000.wav
2026-09-28 10:36:39,281302333,-0.1,0,0,16,0.96,20260928_103000.wav
2026-09-28 10:36:45,281302335,-0.1,0,0,17,0.97,20260928_103000.wav
2026-09-28 10:37:00,281302340,-0.1,0,0,17,0.97,20260928_103000.wav
2026-09-28 10:37:03,281302341,-0.1,0,0,15,0.96,20260928_103000.wav
2026-09-28 10:37:30,281302350,-0.1,0,0,16,0.97,20260928_103000.wav
2026-09-28 10:37:39,281302353,+0.0,0,0,15,0.96,20260928_103000.wav
2026-09-28 10:38:03,281302361,-0.2,0,0,15,0.97,20260928_103000.wav
2026-09-28 10:38:24,281302368,-0.1,0,0,18,0.97,20260928_103000.wav
2026-09-28 10:38:39,281302373,-0.1,0,0,17,0.97,20260928_103000.wav
2026-09-28 10:38:42,281302374,+0.0,0,0,14,0.96,20260928_103000.wav
2026-09-28 10:38:57,281302379,+0.0,0,0,16,0.97,20260928_103000.wav
2026-09-28 10:39:03,281302381,+0.0,0,0,18,0.98,20260928_103000.wav
2026-09-28 10:39:12,281302384,+0.0,0,0,15,0.96,20260928_103000.wav
2026-09-28 10:39:15,281302385,-0.1,0,0,16,0.97,20260928_103000.wav
2026-09-28 10:39:36,281302392,-0.1,0,0,16,0.97,20260928_103000.wav
2026-09-28 10:39:45,281302395,-0.1,0,0,16,0.96,20260928_103000.wav
2026-09-28 10:40:03,281302401,+0.1,0,0,3,0.70,20260928_104000.wav
2026-09-28 10:40:39,281302413,-0.0,0,0,14,0.96,20260928_104000.wav
2026-09-28 10:40:51,281302417,-0.0,0,0,17,0.97,20260928_104000.wav
2026-09-28 10:41:03,281302421,+0.1,0,0,19,0.97,20260928_104000.wav
2026-09-28 10:42:03,281302441,+0.2,0,0,17,0.97,20260928_104000.wav
2026-09-28 10:42:12,281302444,+0.2,0,0,16,0.96,20260928_104000.wav
2026-09-28 10:42:18,281302446,+0.1,0,0,16,0.97,20260928_104000.wav
2026-09-28 10:43:03,281302461,-0.0,0,0,16,0.97,20260928_104000.wav
2026-09-28 10:43:45,281302475,+0.1,0,0,17,0.97,20260928_104000.wav
2026-09-28 10:43:51,281302477,-0.0,0,0,16,0.97,20260928_104000.wav
2026-09-28 10:44:03,281302481,-0.1,0,0,15,0.96,20260928_104000.wav
2026-09-28 10:44:24,281302488,+0.0,0,0,15,0.96,20260928_104000.wav
2026-09-28 10:44:42,281302494,+0.1,0,0,17,0.97,20260928_104000.wav
2026-09-28 10:45:00,281302500,-0.1,0,0,15,0.96,20260928_104000.wav
2026-09-28 10:45:03,281302501,+0.0,0,0,16,0.97,20260928_104000.wav
2026-09-28 10:45:12,281302504,-0.1,0,0,16,0.96,20260928_104000.wav
2026-09-28 10:45:18,281302506,-0.1,0,0,15,0.96,20260928_104000.wav
2026-09-28 10:45:30,281302510,+0.0,0,0,18,0.97,20260928_104000.wav
2026-09-28 10:45:48,281302516,-0.1,0,0,17,0.97,20260928_104000.wav
2026-09-28 10:46:03,281302521,-0.1,0,0,17,0.97,20260928_104000.wav
2026-09-28 10:46:45,281302535,+0.0,0,0,16,0.96,20260928_104000.wav
2026-09-28 10:46:51,281302537,+0.0,0,0,16,0.97,20260928_104000.wav
2026-09-28 10:47:03,281302541,+0.0,0,0,16,0.97,20260928_104000.wav
2026-09-28 10:47:30,281302550,+0.0,0,0,16,0.97,20260928_104000.wav
2026-09-28 10:47:45,281302555,+0.0,0,0,17,0.97,20260928_104000.wav
2026-09-28 10:47:51,281302557,+0.0,0,0,17,0.97,20260928_104000.wav
2026-09-28 10:48:03,281302561,+0.0,0,0,17,0.97,20260928_104000.wav
2026-09-28 10:48:15,281302565,+0.0,0,0,15,0.96,20260928_104000.wav
2026-09-28 10:48:18,281302566,+0.0,0,0,15,0.97,20260928_104000.wav
2026-09-28 10:48:21,281302567,+0.0,0,0,18,0.97,20260928_104000.wav
2026-09-28 10:48:27,281302569,+0.0,0,0,15,0.96,20260928_104000.wav
2026-09-28 10:49:03,281302581,+0.0,0,0,16,0.97,20260928_104000.wav
2026-09-28 10:49:24,281302588,+0.0,0,0,15,0.96,20260928_104000.wav
2026-09-28 10:49:30,281302590,+0.0,0,0,17,0.97,20260928_104000.wav
2026-09-28 10:49:51,281302597,-0.1,0,0,17,0.97,20260928_104000.wav
2026-09-28 10:49:54,281302598,-0.1,0,0,16,0.96,20260928_104000.wav
2026-09-28 10:50:03,281302601,-0.0,0,0,3,0.73,20260928_105000.wav
2026-09-28 10:50:18,281302606,-0.0,0,0,19,0.98,20260928_105000.wav
2026-09-28 10:50:27,281302609,-0.2,0,0,15,0.96,20260928_105000.wav
2026-09-28 10:50:39,281302613,-0.1,0,0,15,0.96,20260928_105000.wav
2026-09-28 10:50:42,281302614,-0.1,0,0,16,0.97,20260928_105000.wav
2026-09-28 10:51:00,281302620,-0.1,0,0,16,0.97,20260928_105000.wav
2026-09-28 10:51:03,281302621,+0.0,0,0,17,0.97,20260928_105000.wav
2026-09-28 10:51:18,281302626,-0.1,0,0,15,0.96,20260928_105000.wav
2026-09-28 10:51:45,281302635,-0.1,0,0,16,0.96,20260928_105000.wav
2026-09-28 10:52:03,281302641,+0.1,0,0,16,0.97,20260928_105000.wav
2026-09-28 10:52:15,281302645,+0.0,0,0,18,0.97,20260928_105000.wav
2026-09-28 10:52:36,281302652,+0.0,0,0,14,0.96,20260928_105000.wav
2026-09-28 10:52:42,281302654,+0.0,0,0,16,0.97,20260928_105000.wav
2026-09-28 10:52:45,281302655,+0.0,0,0,16,0.96,20260928_105000.wav
2026-09-28 10:53:03,281302661,+0.0,0,0,18,0.98,20260928_105000.wav
2026-09-28 10:53:09,281302663,+0.0,0,0,16,0.97,20260928_105000.wav
2026-09-28 10:53:12,281302664,+0.0,0,0,15,0.97,20260928_105000.wav
2026-09-28 10:53:18,281302666,+0.0,0,0,15,0.96,20260928_105000.wav
2026-09-28 10:53:21,281302667,+0.0,0,0,16,0.97,20260928_105000.wav
2026-09-28 10:53:24,281302668,+0.1,0,0,15,0.97,20260928_105000.wav
2026-09-28 10:53:54,281302678,-0.1,0,0,17,0.97,20260928_105000.wav
2026-09-28 10:54:03,281302681,+0.0,0,0,16,0.96,20260928_105000.wav
2026-09-28 10:54:36,281302692,-0.1,0,0,16,0.96,20260928_105000.wav
2026-09-28 10:54:39,281302693,-0.3,0,0,15,0.96,20260928_105000.wav
2026-09-28 10:54:48,281302696,-0.1,0,0,16,0.97,20260928_105000.wav
2026-09-28 10:55:03,281302701,-0.1,0,0,16,0.96,20260928_105000.wav
2026-09-28 10:55:36,281302712,-0.1,0,0,16,0.97,20260928_105000.wav
2026-09-28 10:55:51,281302717,+0.0,0,0,17,0.96,20260928_105000.wav
2026-09-28 10:55:54,281302718,-0.1,0,0,17,0.97,20260928_105000.wav
2026-09-28 10:56:00,281302720,-0.1,0,0,15,0.96,20260928_105000.wav
2026-09-28 10:56:03,281302721,-0.1,0,0,14,0.95,20260928_105000.wav
2026-09-28 10:56:12,281302724,-0.1,0,0,17,0.97,20260928_105000.wav
2026-09-28 10:56:42,281302734,+0.0,0,0,17,0.96,20260928_105000.wav
2026-09-28 10:57:03,281302741,-0.1,0,0,18,0.97,20260928_105000.wav
2026-09-28 10:57:12,281302744,+0.0,0,0,16,0.97,20260928_105000.wav
2026-09-28 10:57:36,281302752,+0.0,0,0,16,0.97,20260928_105000.wav
2026-09-28 10:57:42,281302754,+0.1,0,0,16,0.97,20260928_105000.wav
2026-09-28 10:57:48,281302756,+0.1,0,0,17,0.97,20260928_105000.wav
2026-09-28 10:57:54,281302758,+0.0,0,0,18,0.97,20260928_105000.wav
2026-09-28 10:58:03,281302761,+0.0,0,0,17,0.98,20260928_105000.wav
2026-09-28 10:58:21,281302767,+0.0,0,0,18,0.97,20260928_105000.wav
2026-09-28 10:58:39,281302773,+0.0,0,0,16,0.97,20260928_105000.wav
2026-09-28 10:58:48,281302776,+0.0,0,0,16,0.97,20260928_105000.wav
2026-09-28 10:59:00,281302780,+0.0,0,0,16,0.97,20260928_105000.wav
2026-09-28 10:59:03,281302781,-0.1,0,0,15,0.96,20260928_105000.wav
2026-09-28 10:59:15,281302785,+0.0,0,0,16,0.96,20260928_105000.wav
2026-09-28 10:59:39,281302793,+0.0,0,0,16,0.97,20260928_105000.wav
2026-09-28 10:59:45,281302795,-0.1,0,0,15,0.96,20260928_105000.wav
2026-09-28 11:00:03,281302801,+0.3,0,0,13,0.95,20260928_110000.wav
2026-09-28 11:00:15,281302805,-0.1,0,0,16,0.97,20260928_110000.wav
2026-09-28 11:00:18,281302806,+0.0,0,0,16,0.96,20260928_110000.wav
2026-09-28 11:00:27,281302809,-0.1,0,0,16,0.96,20260928_110000.wav
2026-09-28 11:00:30,281302810,+0.0,0,0,14,0.96,20260928_110000.wav
2026-09-28 11:00:39,281302813,-0.1,0,0,16,0.96,20260928_110000.wav
2026-09-28 11:01:03,281302821,+0.0,0,0,16,0.97,20260928_110000.wav
2026-09-28 11:01:24,281302828,-0.1,0,0,15,0.96,20260928_110000.wav
2026-09-28 11:01:39,281302833,-0.1,0,0,16,0.96,20260928_110000.wav
2026-09-28 11:01:54,281302838,+0.0,0,0,15,0.96,20260928_110000.wav
2026-09-28 11:02:03,281302841,-2460.0,0,0,16,0.97,20260928_110000.wav
2026-09-28 11:02:39,281302853,+0.0,0,0,16,0.96,20260928_110000.wav
2026-09-28 11:02:48,281302856,+0.0,0,0,15,0.97,20260928_110000.wav
2026-09-28 11:02:51,281302857,+0.1,0,0,16,0.96,20260928_110000.wav
2026-09-28 11:03:03,281302861,+0.1,0,0,16,0.97,20260928_110000.wav
2026-09-28 11:03:15,281302865,+0.1,0,0,17,0.97,20260928_110000.wav
2026-09-28 11:03:18,281302866,+0.0,0,0,17,0.97,20260928_110000.wav
2026-09-28 11:03:24,281302868,+0.1,0,0,17,0.97,20260928_110000.wav
2026-09-28 11:03:39,281302873,+0.0,0,0,16,0.97,20260928_110000.wav
2026-09-28 11:04:00,281302880,+0.0,0,0,16,0.97,20260928_110000.wav
2026-09-28 11:04:03,281302881,+0.1,0,0,16,0.97,20260928_110000.wav
2026-09-28 11:04:18,281302886,+0.1,0,0,16,0.97,20260928_110000.wav
2026-09-28 11:04:21,281302887,+0.0,0,0,13,0.95,20260928_110000.wav
2026-09-28 11:04:24,281302888,-0.0,0,0,18,0.97,20260928_110000.wav
2026-09-28 11:04:30,281302890,-0.0,0,0,15,0.96,20260928_110000.wav
2026-09-28 11:04:39,281302893,+0.0,0,0,17,0.97,20260928_110000.wav
2026-09-28 11:04:42,281302894,+0.0,0,0,17,0.97,20260928_110000.wav
2026-09-28 11:04:51,281302897,+0.0,0,0,14,0.96,20260928_110000.wav
2026-09-28 11:05:03,281302901,-0.0,0,0,15,0.96,20260928_110000.wav
2026-09-28 11:05:15,281302905,+0.0,0,0,15,0.96,20260928_110000.wav
2026-09-28 11:05:18,281302906,-0.0,0,0,17,0.97,20260928_110000.wav
2026-09-28 11:05:27,281302909,-0.0,0,0,15,0.96,20260928_110000.wav
2026-09-28 11:05:42,281302914,-0.0,0,0,16,0.97,20260928_110000.wav
2026-09-28 11:05:54,281302918,+0.0,0,0,17,0.97,20260928_110000.wav
2026-09-28 11:06:03,281302921,+0.0,0,0,16,0.97,20260928_110000.wav
2026-09-28 11:06:30,281302930,-0.0,0,0,17,0.97,20260928_110000.wav
2026-09-28 11:06:48,281302936,+0.0,0,0,16,0.97,20260928_110000.wav
2026-09-28 11:07:03,281302941,-0.0,0,0,16,0.97,20260928_110000.wav
2026-09-28 11:07:15,281302945,-0.0,0,0,18,0.98,20260928_110000.wav
2026-09-28 11:07:21,281302947,-0.0,0,0,17,0.97,20260928_110000.wav
2026-09-28 11:08:00,281302960,-0.0,0,0,16,0.97,20260928_110000.wav
2026-09-28 11:08:03,281302961,-0.0,0,0,17,0.97,20260928_110000.wav
2026-09-28 11:08:24,281302968,-0.0,0,0,19,0.97,20260928_110000.wav
2026-09-28 11:08:39,281302973,-0.0,0,0,17,0.97,20260928_110000.wav
2026-09-28 11:08:42,281302974,-0.1,0,0,17,0.97,20260928_110000.wav
2026-09-28 11:08:54,281302978,-0.0,0,0,15,0.96,20260928_110000.wav
2026-09-28 11:09:03,281302981,-0.0,0,0,16,0.96,20260928_110000.wav
2026-09-28 11:09:24,281302988,-0.1,0,0,16,0.97,20260928_110000.wav
2026-09-28 11:09:45,281302995,-0.1,0,0,16,0.97,20260928_110000.wav
2026-09-28 11:10:03,281303001,+0.3,0,0,7,0.86,20260928_111000.wav
2026-09-28 11:10:30,281303010,-0.1,0,0,16,0.97,20260928_111000.wav
2026-09-28 11:10:36,281303012,-0.1,0,0,15,0.96,20260928_111000.wav
2026-09-28 11:10:45,281303015,+0.0,0,0,17,0.97,20260928_111000.wav
2026-09-28 11:10:51,281303017,-0.2,0,0,15,0.96,20260928_111000.wav
2026-09-28 11:11:03,281303021,-0.1,0,0,16,0.97,20260928_111000.wav
2026-09-28 11:11:12,281303024,-2440.1,0,0,16,0.97,20260928_111000.wav
2026-09-28 11:11:18,281303026,-0.1,0,0,16,0.97,20260928_111000.wav
2026-09-28 11:11:27,281303029,-0.1,0,0,15,0.96,20260928_111000.wav
2026-09-28 11:11:30,281303030,-0.1,0,0,17,0.97,20260928_111000.wav
2026-09-28 11:11:45,281303035,-0.1,0,0,18,0.97,20260928_111000.wav
2026-09-28 11:12:03,281303041,-0.1,0,0,16,0.96,20260928_111000.wav
2026-09-28 11:12:27,281303049,+0.0,0,0,17,0.97,20260928_111000.wav
2026-09-28 11:12:42,281303054,-0.1,0,0,16,0.96,20260928_111000.wav
2026-09-28 11:12:45,281303055,-0.1,0,0,15,0.96,20260928_111000.wav
2026-09-28 11:13:03,281303061,-0.1,0,0,17,0.97,20260928_111000.wav
2026-09-28 11:13:39,281303073,+0.0,0,0,17,0.97,20260928_111000.wav
2026-09-28 11:13:42,281303074,+0.0,0,0,16,0.96,20260928_111000.wav
2026-09-28 11:13:45,281303075,+0.0,0,0,15,0.97,20260928_111000.wav
2026-09-28 11:13:51,281303077,+0.0,0,0,14,0.96,20260928_111000.wav
2026-09-28 11:14:00,281303080,+0.0,0,0,16,0.97,20260928_111000.wav
2026-09-28 11:14:03,281303081,+0.1,0,0,15,0.96,20260928_111000.wav
2026-09-28 11:14:18,281303086,+0.1,0,0,16,0.97,20260928_111000.wav
2026-09-28 11:14:48,281303096,+0.0,0,0,18,0.97,20260928_111000.wav
2026-09-28 11:14:54,281303098,+0.1,0,0,14,0.96,20260928_111000.wav
2026-09-28 11:15:03,281303101,+0.1,0,0,15,0.96,20260928_111000.wav
2026-09-28 11:15:24,281303108,+0.1,0,0,16,0.97,20260928_111000.wav
2026-09-28 11:15:45,281303115,+0.1,0,0,17,0.97,20260928_111000.wav
2026-09-28 11:16:03,281303121,+0.1,0,0,18,0.98,20260928_111000.wav
2026-09-28 11:16:30,281303130,+0.0,0,0,16,0.97,20260928_111000.wav
2026-09-28 11:16:36,281303132,+0.1,0,0,17,0.97,20260928_111000.wav
2026-09-28 11:16:42,281303134,+0.0,0,0,15,0.96,20260928_111000.wav
2026-09-28 11:17:03,281303141,+0.0,0,0,15,0.96,20260928_111000.wav
2026-09-28 11:17:18,281303146,+0.1,0,0,16,0.97,20260928_111000.wav
2026-09-28 11:17:42,281303154,+0.2,0,0,15,0.96,20260928_111000.wav
2026-09-28 11:17:54,281303158,-0.1,0,0,18,0.97,20260928_111000.wav
2026-09-28 11:18:03,281303161,+0.1,0,0,15,0.97,20260928_111000.wav
2026-09-28 11:18:24,281303168,+0.0,0,0,18,0.98,20260928_111000.wav
2026-09-28 11:18:36,281303172,+0.0,0,0,17,0.97,20260928_111000.wav
2026-09-28 11:18:45,281303175,+0.1,0,0,16,0.97,20260928_111000.wav
2026-09-28 11:19:03,281303181,+0.0,0,0,16,0.97,20260928_111000.wav
2026-09-28 11:19:39,281303193,+0.1,0,0,17,0.97,20260928_111000.wav
2026-09-28 11:19:48,281303196,+0.1,0,0,15,0.97,20260928_111000.wav
2026-09-28 11:20:03,281303201,+0.5,0,0,14,0.97,20260928_112000.wav
2026-09-28 11:20:30,281303210,-0.0,0,0,19,0.98,20260928_112000.wav
2026-09-28 11:20:39,281303213,+0.0,0,0,16,0.97,20260928_112000.wav
2026-09-28 11:20:48,281303216,+0.1,0,0,17,0.97,20260928_112000.wav
2026-09-28 11:21:03,281303221,+0.0,0,0,16,0.97,20260928_112000.wav
2026-09-28 11:21:12,281303224,+0.1,0,0,16,0.97,20260928_112000.wav
2026-09-28 11:21:18,281303226,-0.1,0,0,16,0.97,20260928_112000.wav
2026-09-28 11:21:45,281303235,+0.0,0,0,16,0.96,20260928_112000.wav
2026-09-28 11:21:48,281303236,+0.0,0,0,17,0.97,20260928_112000.wav
2026-09-28 11:22:00,281303240,-0.1,0,0,15,0.96,20260928_112000.wav
2026-09-28 11:22:03,281303241,+0.1,0,0,15,0.96,20260928_112000.wav
2026-09-28 11:22:36,281303252,+0.1,0,0,17,0.97,20260928_112000.wav
2026-09-28 11:22:42,281303254,-0.1,0,0,16,0.96,20260928_112000.wav
2026-09-28 11:23:03,281303261,+0.0,0,0,18,0.97,20260928_112000.wav
2026-09-28 11:23:18,281303266,-0.1,0,0,17,0.97,20260928_112000.wav
2026-09-28 11:23:39,281303273,+0.0,0,0,15,0.96,20260928_112000.wav
2026-09-28 11:23:42,281303274,+0.0,0,0,15,0.97,20260928_112000.wav
2026-09-28 11:23:48,281303276,-0.1,0,0,16,0.97,20260928_112000.wav
2026-09-28 11:23:57,281303279,-0.1,0,0,16,0.97,20260928_112000.wav
2026-09-28 11:24:03,281303281,-0.1,0,0,15,0.96,20260928_112000.wav
2026-09-28 11:24:12,281303284,+0.0,0,0,15,0.96,20260928_112000.wav
2026-09-28 11:24:27,281303289,-0.1,0,0,14,0.96,20260928_112000.wav
2026-09-28 11:24:45,281303295,-0.1,0,0,15,0.96,20260928_112000.wav
2026-09-28 11:25:03,281303301,+0.0,0,0,17,0.97,20260928_112000.wav
2026-09-28 11:25:21,281303307,+0.0,0,0,16,0.97,20260928_112000.wav
2026-09-28 11:25:30,281303310,+0.0,0,0,16,0.97,20260928_112000.wav
2026-09-28 11:25:36,281303312,+0.1,0,0,16,0.97,20260928_112000.wav
2026-09-28 11:26:03,281303321,+0.1,0,0,14,0.96,20260928_112000.wav
2026-09-28 11:26:15,281303325,+0.1,0,0,16,0.97,20260928_112000.wav
2026-09-28 11:26:45,281303335,+0.1,0,0,17,0.97,20260928_112000.wav
2026-09-28 11:26:51,281303337,+0.2,0,0,16,0.97,20260928_112000.wav
2026-09-28 11:27:03,281303341,+0.1,0,0,16,0.97,20260928_112000.wav
2026-09-28 11:27:15,281303345,+0.1,0,0,15,0.97,20260928_112000.wav
2026-09-28 11:27:18,281303346,+0.0,0,0,15,0.97,20260928_112000.wav
2026-09-28 11:27:30,281303350,+0.0,0,0,16,0.97,20260928_112000.wav
2026-09-28 11:27:39,281303353,+0.0,0,0,16,0.97,20260928_112000.wav
2026-09-28 11:27:45,281303355,-0.1,0,0,14,0.96,20260928_112000.wav
2026-09-28 11:28:03,281303361,+0.0,0,0,16,0.97,20260928_112000.wav
2026-09-28 11:28:12,281303364,+0.0,0,0,16,0.97,20260928_112000.wav
2026-09-28 11:28:30,281303370,+0.0,0,0,17,0.97,20260928_112000.wav
2026-09-28 11:28:42,281303374,+0.1,0,0,16,0.97,20260928_112000.wav
2026-09-28 11:29:03,281303381,+0.0,0,0,17,0.97,20260928_112000.wav
2026-09-28 11:29:15,281303385,+0.0,0,0,16,0.97,20260928_112000.wav
2026-09-28 11:29:18,281303386,-0.1,0,0,16,0.96,20260928_112000.wav
2026-09-28 11:29:24,281303388,+0.0,0,0,18,0.97,20260928_112000.wav
2026-09-28 11:30:03,281303401,+0.4,0,0,11,0.94,20260928_113000.wav
2026-09-28 11:30:15,281303405,-0.0,0,0,18,0.98,20260928_113000.wav
2026-09-28 11:30:30,281303410,-0.0,0,0,14,0.96,20260928_113000.wav
2026-09-28 11:30:45,281303415,+0.0,0,0,18,0.97,20260928_113000.wav
2026-09-28 11:30:48,281303416,+0.0,0,0,16,0.97,20260928_113000.wav
2026-09-28 11:30:54,281303418,-0.1,0,0,16,0.97,20260928_113000.wav
2026-09-28 11:31:03,281303421,+0.0,0,0,15,0.96,20260928_113000.wav
2026-09-28 11:31:21,281303427,+0.0,0,0,18,0.97,20260928_113000.wav
2026-09-28 11:31:45,281303435,+0.0,0,0,16,0.97,20260928_113000.wav
2026-09-28 11:31:48,281303436,-0.1,0,0,16,0.97,20260928_113000.wav
2026-09-28 11:32:03,281303441,+0.1,0,0,16,0.97,20260928_113000.wav
2026-09-28 11:32:09,281303443,+0.0,0,0,15,0.97,20260928_113000.wav
2026-09-28 11:32:12,281303444,+0.0,0,0,17,0.98,20260928_113000.wav
2026-09-28 11:32:18,281303446,+0.0,0,0,16,0.97,20260928_113000.wav
2026-09-28 11:32:21,281303447,+0.1,0,0,15,0.96,20260928_113000.wav
2026-09-28 11:32:27,281303449,+0.0,0,0,15,0.96,20260928_113000.wav
2026-09-28 11:32:30,281303450,+0.1,0,0,15,0.96,20260928_113000.wav
2026-09-28 11:32:57,281303459,+0.1,0,0,15,0.97,20260928_113000.wav
2026-09-28 11:33:03,281303461,-0.1,0,0,15,0.96,20260928_113000.wav
2026-09-28 11:33:27,281303469,+0.0,0,0,17,0.97,20260928_113000.wav
2026-09-28 11:33:36,281303472,+0.1,0,0,17,0.97,20260928_113000.wav
2026-09-28 11:33:39,281303473,+0.1,0,0,19,0.98,20260928_113000.wav
2026-09-28 11:33:42,281303474,+0.0,0,0,16,0.97,20260928_113000.wav
2026-09-28 11:33:57,281303479,+0.0,0,0,16,0.97,20260928_113000.wav
2026-09-28 11:34:00,281303480,-0.1,0,0,15,0.95,20260928_113000.wav
2026-09-28 11:34:03,281303481,+0.0,0,0,16,0.97,20260928_113000.wav
2026-09-28 11:34:12,281303484,+0.1,0,0,15,0.96,20260928_113000.wav
2026-09-28 11:34:15,281303485,+0.0,0,0,15,0.96,20260928_113000.wav
2026-09-28 11:34:27,281303489,+0.1,0,0,16,0.97,20260928_113000.wav
2026-09-28 11:34:48,281303496,+0.1,0,0,17,0.97,20260928_113000.wav
2026-09-28 11:34:54,281303498,+0.0,0,0,15,0.97,20260928_113000.wav
2026-09-28 11:35:00,281303500,+0.0,0,0,16,0.97,20260928_113000.wav
2026-09-28 11:35:03,281303501,+0.0,0,0,14,0.96,20260928_113000.wav
2026-09-28 11:35:39,281303513,+0.1,0,0,14,0.96,20260928_113000.wav
2026-09-28 11:35:42,281303514,+0.0,0,0,15,0.96,20260928_113000.wav
2026-09-28 11:35:48,281303516,+0.0,0,0,17,0.98,20260928_113000.wav
2026-09-28 11:35:54,281303518,+0.1,0,0,17,0.97,20260928_113000.wav
2026-09-28 11:35:57,281303519,+0.0,0,0,15,0.96,20260928_113000.wav
2026-09-28 11:36:03,281303521,+0.0,0,0,16,0.97,20260928_113000.wav
2026-09-28 11:36:12,281303524,+0.0,0,0,16,0.97,20260928_113000.wav
2026-09-28 11:36:18,281303526,+0.0,0,0,15,0.97,20260928_113000.wav
2026-09-28 11:36:24,281303528,+0.1,0,0,16,0.97,20260928_113000.wav
2026-09-28 11:36:27,281303529,+0.1,0,0,16,0.97,20260928_113000.wav
2026-09-28 11:36:48,281303536,+0.1,0,0,16,0.97,20260928_113000.wav
2026-09-28 11:37:03,281303541,+0.0,0,0,19,0.97,20260928_113000.wav
2026-09-28 11:37:36,281303552,+0.0,0,0,16,0.97,20260928_113000.wav
2026-09-28 11:37:42,281303554,+0.0,0,0,16,0.97,20260928_113000.wav
2026-09-28 11:38:03,281303561,+0.1,0,0,16,0.96,20260928_113000.wav
2026-09-28 11:38:15,281303565,+0.1,0,0,15,0.96,20260928_113000.wav
2026-09-28 11:38:39,281303573,+0.1,0,0,16,0.96,20260928_113000.wav
2026-09-28 11:38:48,281303576,+0.0,0,0,16,0.97,20260928_113000.wav
2026-09-28 11:39:03,281303581,+0.1,0,0,16,0.97,20260928_113000.wav
2026-09-28 11:39:15,281303585,+0.0,0,0,17,0.97,20260928_113000.wav
2026-09-28 11:39:21,281303587,+0.1,0,0,15,0.97,20260928_113000.wav
2026-09-28 11:39:39,281303593,+0.0,0,0,18,0.97,20260928_113000.wav
2026-09-28 11:39:45,281303595,+0.1,0,0,16,0.97,20260928_113000.wav
