slot_start_utc,content,crc,phase_activity_deg,firmware_result,carrier_hz
2026-09-28 10:20:03,idle,,2.3,none,1000.001
2026-09-28 10:20:06,idle,,2.3,none,1000.001
2026-09-28 10:20:09,idle,,2.3,none,1000.001
2026-09-28 10:20:12,idle,,2.3,none,1000.001
2026-09-28 10:20:15,idle,,2.3,none,1000.001
2026-09-28 10:20:18,idle,,2.3,none,1000.001
2026-09-28 10:20:21,idle,,2.3,none,1000.001
2026-09-28 10:20:24,idle,,2.3,none,1000.001
2026-09-28 10:20:27,idle,,2.3,none,1000.001
2026-09-28 10:20:30,idle,,2.3,none,1000.001
2026-09-28 10:20:33,idle,,2.3,none,1000.001
2026-09-28 10:20:36,idle,,2.3,none,1000.001
2026-09-28 10:20:39,idle,,2.3,none,1000.001
2026-09-28 10:20:42,idle,,2.3,none,1000.001
2026-09-28 10:20:45,idle,,2.3,none,1000.001
2026-09-28 10:20:48,idle,,2.3,none,1000.001
2026-09-28 10:20:51,idle,,2.3,none,1000.001
2026-09-28 10:20:54,idle,,2.3,none,1000.001
2026-09-28 10:20:57,idle,,2.3,none,1000.001
2026-09-28 10:21:00,idle,,2.3,none,1000.001
2026-09-28 10:21:03,idle,,2.3,none,1000.001
2026-09-28 10:21:06,idle,,2.3,none,1000.001
2026-09-28 10:21:09,idle,,2.3,none,1000.001
2026-09-28 10:21:12,idle,,2.3,none,1000.001
2026-09-28 10:21:15,idle,,2.3,none,1000.001
2026-09-28 10:21:18,idle,,2.3,none,1000.001
2026-09-28 10:21:21,idle,,2.3,none,1000.001
2026-09-28 10:21:24,idle,,2.3,none,1000.001
2026-09-28 10:21:27,idle,,2.3,none,1000.001
2026-09-28 10:21:30,idle,,2.3,none,1000.001
2026-09-28 10:21:33,idle,,2.3,none,1000.001
2026-09-28 10:21:36,idle,,2.3,none,1000.001
2026-09-28 10:21:39,idle,,2.3,none,1000.001
2026-09-28 10:21:42,idle,,2.3,none,1000.001
2026-09-28 10:21:45,idle,,2.3,none,1000.001
2026-09-28 10:21:48,idle,,2.3,none,1000.001
2026-09-28 10:21:51,idle,,2.3,none,1000.001
2026-09-28 10:21:54,idle,,2.3,none,1000.001
2026-09-28 10:21:57,idle,,2.3,none,1000.001
2026-09-28 10:22:00,idle,,2.3,none,1000.001
2026-09-28 10:22:03,idle,,2.3,none,1000.001
2026-09-28 10:22:06,idle,,2.3,none,1000.001
2026-09-28 10:22:09,idle,,2.3,none,1000.001
2026-09-28 10:22:12,idle,,2.3,none,1000.001
2026-09-28 10:22:15,idle,,2.3,none,1000.001
2026-09-28 10:22:18,idle,,2.3,none,1000.001
2026-09-28 10:22:21,idle,,2.3,none,1000.001
2026-09-28 10:22:24,unclear,,253.1,none,1000.001
2026-09-28 10:22:27,unclear,,4523.6,none,1000.001
2026-09-28 10:22:30,unclear,,4319.1,none,1000.001
2026-09-28 10:22:33,other,,14.1,none,1000.001
2026-09-28 10:22:36,idle,,0.9,none,1000.001
2026-09-28 10:22:39,time,crc_ok,14.1,decoded,1000.001
2026-09-28 10:22:42,time,crc_ok,13.9,decoded,1000.001
2026-09-28 10:22:45,idle,,0.9,none,1000.001
2026-09-28 10:22:48,idle,,0.9,none,1000.001
2026-09-28 10:22:51,time,crc_ok,13.9,decoded,1000.001
2026-09-28 10:22:54,other,,14.1,none,1000.001
2026-09-28 10:22:57,idle,,0.9,none,1000.001
2026-09-28 10:23:00,idle,,0.9,none,1000.001
2026-09-28 10:23:03,time,crc_ok,13.4,decoded,1000.001
2026-09-28 10:23:06,idle,,0.9,none,1000.001
2026-09-28 10:23:09,idle,,0.9,none,1000.001
2026-09-28 10:23:12,idle,,0.9,none,1000.001
2026-09-28 10:23:15,other,,14.1,none,1000.001
2026-09-28 10:23:18,other,,14.1,none,1000.001
2026-09-28 10:23:21,idle,,0.9,none,1000.001
2026-09-28 10:23:24,idle,,0.8,none,1000.001
2026-09-28 10:23:27,other,,14.1,none,1000.001
2026-09-28 10:23:30,time,crc_ok,13.9,decoded,1000.001
2026-09-28 10:23:33,other,,14.2,none,1000.001
2026-09-28 10:23:36,idle,,0.9,none,1000.001
2026-09-28 10:23:39,other,,14.0,none,1000.001
2026-09-28 10:23:42,other,,14.0,none,1000.001
2026-09-28 10:23:45,idle,,0.9,none,1000.001
2026-09-28 10:23:48,time,crc_ok,13.7,decoded,1000.001
2026-09-28 10:23:51,idle,,1.0,none,1000.001
2026-09-28 10:23:54,time,crc_ok,13.6,decoded,1000.001
2026-09-28 10:23:57,other,,14.1,none,1000.001
2026-09-28 10:24:00,other,,14.2,none,1000.001
2026-09-28 10:24:03,time,crc_ok,13.7,decoded,1000.001
2026-09-28 10:24:06,idle,,0.9,none,1000.001
2026-09-28 10:24:09,other,,14.1,none,1000.001
2026-09-28 10:24:12,other,,14.0,none,1000.001
2026-09-28 10:24:15,idle,,0.9,none,1000.001
2026-09-28 10:24:18,time,crc_ok,14.2,decoded,1000.001
2026-09-28 10:24:21,idle,,0.9,none,1000.001
2026-09-28 10:24:24,time,crc_ok,13.8,decoded,1000.001
2026-09-28 10:24:27,other,,14.1,none,1000.001
2026-09-28 10:24:30,time,crc_ok,14.3,decoded,1000.001
2026-09-28 10:24:33,other,,14.0,none,1000.001
2026-09-28 10:24:36,idle,,0.9,none,1000.001
2026-09-28 10:24:39,idle,,0.8,none,1000.001
2026-09-28 10:24:42,idle,,0.7,none,1000.001
2026-09-28 10:24:45,other,,14.1,none,1000.001
2026-09-28 10:24:48,other,,14.1,none,1000.001
2026-09-28 10:24:51,idle,,0.9,none,1000.001
2026-09-28 10:24:54,idle,,0.8,none,1000.001
2026-09-28 10:24:57,other,,14.0,none,1000.001
2026-09-28 10:25:00,time,crc_ok,14.2,decoded,1000.001
2026-09-28 10:25:03,time,crc_ok,14.2,decoded,1000.001
2026-09-28 10:25:06,other,,14.1,none,1000.001
2026-09-28 10:25:09,time,crc_ok,13.8,decoded,1000.001
2026-09-28 10:25:12,time,crc_ok,13.6,decoded,1000.001
2026-09-28 10:25:15,time,crc_ok,13.6,decoded,1000.001
2026-09-28 10:25:18,time,crc_ok,13.4,decoded,1000.001
2026-09-28 10:25:21,idle,,0.9,none,1000.001
2026-09-28 10:25:24,idle,,0.9,none,1000.001
2026-09-28 10:25:27,idle,,0.9,none,1000.001
2026-09-28 10:25:30,time,crc_ok,14.1,decoded,1000.001
2026-09-28 10:25:33,other,,14.0,none,1000.001
2026-09-28 10:25:36,other,,14.0,none,1000.001
2026-09-28 10:25:39,idle,,0.9,none,1000.001
2026-09-28 10:25:42,time,crc_ok,14.2,decoded,1000.001
2026-09-28 10:25:45,other,,14.1,none,1000.001
2026-09-28 10:25:48,idle,,0.9,none,1000.001
2026-09-28 10:25:51,time,crc_ok,14.0,decoded,1000.001
2026-09-28 10:25:54,idle,,0.9,none,1000.001
2026-09-28 10:25:57,idle,,0.9,none,1000.001
2026-09-28 10:26:00,idle,,0.9,none,1000.001
2026-09-28 10:26:03,time,crc_ok,14.0,decoded,1000.001
2026-09-28 10:26:06,idle,,0.8,none,1000.001
2026-09-28 10:26:09,idle,,0.9,none,1000.001
2026-09-28 10:26:12,idle,,0.9,none,1000.001
2026-09-28 10:26:15,other,,14.1,none,1000.001
2026-09-28 10:26:18,other,,14.1,none,1000.001
2026-09-28 10:26:21,idle,,0.9,none,1000.001
2026-09-28 10:26:24,other,,14.2,none,1000.001
2026-09-28 10:26:27,idle,,0.9,none,1000.001
2026-09-28 10:26:30,idle,,0.8,none,1000.001
2026-09-28 10:26:33,other,,14.2,none,1000.001
2026-09-28 10:26:36,idle,,0.9,none,1000.001
2026-09-28 10:26:39,other,,14.0,none,1000.001
2026-09-28 10:26:42,time,bit_errors,13.9,decoded,1000.001
2026-09-28 10:26:45,idle,,1.0,none,1000.001
2026-09-28 10:26:48,other,,14.1,none,1000.001
2026-09-28 10:26:51,idle,,0.8,none,1000.001
2026-09-28 10:26:54,idle,,1.0,none,1000.001
2026-09-28 10:26:57,idle,,0.9,none,1000.001
2026-09-28 10:27:00,idle,,0.9,none,1000.001
2026-09-28 10:27:03,time,crc_ok,13.8,decoded,1000.001
2026-09-28 10:27:06,idle,,0.9,none,1000.001
2026-09-28 10:27:09,other,,14.1,none,1000.001
2026-09-28 10:27:12,time,crc_ok,14.1,decoded,1000.001
2026-09-28 10:27:15,idle,,0.9,none,1000.001
2026-09-28 10:27:18,time,crc_ok,13.9,decoded,1000.001
2026-09-28 10:27:21,idle,,0.9,none,1000.001
2026-09-28 10:27:24,idle,,0.9,none,1000.001
2026-09-28 10:27:27,idle,,1.0,none,1000.001
2026-09-28 10:27:30,idle,,0.9,none,1000.001
2026-09-28 10:27:33,other,,14.1,none,1000.001
2026-09-28 10:27:36,idle,,0.9,none,1000.001
2026-09-28 10:27:39,idle,,0.9,none,1000.001
2026-09-28 10:27:42,idle,,0.9,none,1000.001
2026-09-28 10:27:45,time,crc_ok,14.3,decoded,1000.001
2026-09-28 10:27:48,time,crc_ok,13.6,decoded,1000.001
2026-09-28 10:27:51,idle,,1.0,none,1000.001
2026-09-28 10:27:54,time,crc_ok,13.6,decoded,1000.001
2026-09-28 10:27:57,idle,,0.9,none,1000.001
2026-09-28 10:28:00,idle,,0.9,none,1000.001
2026-09-28 10:28:03,time,crc_ok,13.5,decoded,1000.001
2026-09-28 10:28:06,idle,,1.0,none,1000.001
2026-09-28 10:28:09,idle,,0.9,none,1000.001
2026-09-28 10:28:12,idle,,0.9,none,1000.001
2026-09-28 10:28:15,idle,,0.9,none,1000.001
2026-09-28 10:28:18,idle,,0.9,none,1000.001
2026-09-28 10:28:21,other,,14.1,none,1000.001
2026-09-28 10:28:24,idle,,0.9,none,1000.001
2026-09-28 10:28:27,idle,,0.8,none,1000.001
2026-09-28 10:28:30,other,,14.1,none,1000.001
2026-09-28 10:28:33,other,,13.9,none,1000.001
2026-09-28 10:28:36,other,,14.2,none,1000.001
2026-09-28 10:28:39,idle,,1.0,none,1000.001
2026-09-28 10:28:42,time,crc_ok,14.1,decoded,1000.001
2026-09-28 10:28:45,other,,14.1,none,1000.001
2026-09-28 10:28:48,idle,,0.9,none,1000.001
2026-09-28 10:28:51,other,,14.1,none,1000.001
2026-09-28 10:28:54,idle,,0.8,none,1000.001
2026-09-28 10:28:57,idle,,1.0,none,1000.001
2026-09-28 10:29:00,idle,,1.0,none,1000.001
2026-09-28 10:29:03,time,crc_ok,13.9,decoded,1000.001
2026-09-28 10:29:06,idle,,0.9,none,1000.001
2026-09-28 10:29:09,idle,,0.9,none,1000.001
2026-09-28 10:29:12,idle,,0.9,none,1000.001
2026-09-28 10:29:15,other,,14.0,none,1000.001
2026-09-28 10:29:18,other,,14.1,none,1000.001
2026-09-28 10:29:21,idle,,0.9,none,1000.001
2026-09-28 10:29:24,other,,14.1,none,1000.001
2026-09-28 10:29:27,other,,14.1,none,1000.001
2026-09-28 10:29:30,idle,,0.8,none,1000.001
2026-09-28 10:29:33,other,,14.2,none,1000.001
2026-09-28 10:29:36,idle,,0.9,none,1000.001
2026-09-28 10:29:39,time,crc_ok,13.7,decoded,1000.001
2026-09-28 10:29:42,other,,14.2,none,1000.001
2026-09-28 10:29:45,idle,,0.9,none,1000.001
2026-09-28 10:29:48,other,,14.1,none,1000.001
2026-09-28 10:29:51,idle,,0.9,none,1000.001
2026-09-28 10:29:54,idle,,0.8,none,1000.001
2026-09-28 10:29:57,idle,,0.9,none,1000.001
2026-09-28 10:30:03,time,crc_ok,13.9,decoded,999.999
2026-09-28 10:30:06,idle,,0.9,none,999.999
2026-09-28 10:30:09,other,,14.1,none,999.999
2026-09-28 10:30:12,other,,14.1,none,999.999
2026-09-28 10:30:15,idle,,0.8,none,999.999
2026-09-28 10:30:18,other,,14.1,none,999.999
2026-09-28 10:30:21,idle,,0.9,none,999.999
2026-09-28 10:30:24,idle,,0.9,none,999.999
2026-09-28 10:30:27,idle,,0.9,none,999.999
2026-09-28 10:30:30,other,,14.0,none,999.999
2026-09-28 10:30:33,other,,14.5,none,999.999
2026-09-28 10:30:36,idle,,1.0,none,999.999
2026-09-28 10:30:39,idle,,0.9,none,999.999
2026-09-28 10:30:42,idle,,0.9,none,999.999
2026-09-28 10:30:45,other,,14.1,none,999.999
2026-09-28 10:30:48,other,,14.1,none,999.999
2026-09-28 10:30:51,idle,,0.8,none,999.999
2026-09-28 10:30:54,other,,14.1,none,999.999
2026-09-28 10:30:57,other,,14.1,none,999.999
2026-09-28 10:31:00,idle,,0.8,none,999.999
2026-09-28 10:31:03,time,crc_ok,13.6,decoded,999.999
2026-09-28 10:31:06,other,,14.1,none,999.999
2026-09-28 10:31:09,idle,,0.9,none,999.999
2026-09-28 10:31:12,idle,,0.9,none,999.999
2026-09-28 10:31:15,other,,14.1,none,999.999
2026-09-28 10:31:18,idle,,0.9,none,999.999
2026-09-28 10:31:21,other,,14.1,none,999.999
2026-09-28 10:31:24,idle,,0.9,none,999.999
2026-09-28 10:31:27,idle,,0.9,none,999.999
2026-09-28 10:31:30,time,crc_ok,13.8,decoded,999.999
2026-09-28 10:31:33,other,,14.2,none,999.999
2026-09-28 10:31:36,time,crc_ok,13.8,decoded,999.999
2026-09-28 10:31:39,idle,,0.9,none,999.999
2026-09-28 10:31:42,time,crc_ok,14.3,decoded,999.999
2026-09-28 10:31:45,other,,14.1,none,999.999
2026-09-28 10:31:48,idle,,0.9,none,999.999
2026-09-28 10:31:51,time,crc_ok,13.9,decoded,999.999
2026-09-28 10:31:54,idle,,0.9,none,999.999
2026-09-28 10:31:57,idle,,0.9,none,999.999
2026-09-28 10:32:00,idle,,0.9,none,999.999
2026-09-28 10:32:03,time,crc_ok,14.0,decoded,999.999
2026-09-28 10:32:06,idle,,0.8,none,999.999
2026-09-28 10:32:09,other,,14.1,none,999.999
2026-09-28 10:32:12,idle,,0.8,none,999.999
2026-09-28 10:32:15,time,crc_ok,14.2,decoded,999.999
2026-09-28 10:32:18,idle,,0.9,none,999.999
2026-09-28 10:32:21,idle,,0.7,none,999.999
2026-09-28 10:32:24,idle,,0.9,none,999.999
2026-09-28 10:32:27,time,crc_ok,14.0,decoded,999.999
2026-09-28 10:32:30,time,crc_ok,14.4,decoded,999.999
2026-09-28 10:32:33,other,,14.5,none,999.999
2026-09-28 10:32:36,idle,,0.9,none,999.999
2026-09-28 10:32:39,time,crc_ok,13.8,decoded,999.999
2026-09-28 10:32:42,idle,,0.8,none,999.999
2026-09-28 10:32:45,other,,14.2,none,999.999
2026-09-28 10:32:48,time,crc_ok,14.0,decoded,999.999
2026-09-28 10:32:51,other,,14.1,none,999.999
2026-09-28 10:32:54,time,crc_ok,14.1,decoded,999.999
2026-09-28 10:32:57,time,bit_errors,13.5,decoded,999.999
2026-09-28 10:33:00,idle,,0.8,none,999.999
2026-09-28 10:33:03,time,crc_ok,13.9,decoded,999.999
2026-09-28 10:33:06,idle,,0.8,none,999.999
2026-09-28 10:33:09,other,,14.1,none,999.999
2026-09-28 10:33:12,idle,,0.9,none,999.999
2026-09-28 10:33:15,time,crc_ok,13.9,decoded,999.999
2026-09-28 10:33:18,time,crc_ok,14.1,decoded,999.999
2026-09-28 10:33:21,time,crc_ok,14.0,decoded,999.999
2026-09-28 10:33:24,time,crc_ok,14.0,decoded,999.999
2026-09-28 10:33:27,other,,14.1,none,999.999
2026-09-28 10:33:30,idle,,0.9,none,999.999
2026-09-28 10:33:33,other,,14.2,none,999.999
2026-09-28 10:33:36,idle,,0.8,none,999.999
2026-09-28 10:33:39,time,crc_ok,13.7,decoded,999.999
2026-09-28 10:33:42,idle,,0.8,none,999.999
2026-09-28 10:33:45,time,bit_errors,14.3,decoded,999.999
2026-09-28 10:33:48,idle,,0.9,none,999.999
2026-09-28 10:33:51,idle,,0.8,none,999.999
2026-09-28 10:33:54,idle,,0.9,none,999.999
2026-09-28 10:33:57,other,,14.1,none,999.999
2026-09-28 10:34:00,other,,14.2,none,999.999
2026-09-28 10:34:03,time,crc_ok,14.1,decoded,999.999
2026-09-28 10:34:06,idle,,0.8,none,999.999
2026-09-28 10:34:09,other,,14.0,none,999.999
2026-09-28 10:34:12,time,crc_ok,13.9,decoded,999.999
2026-09-28 10:34:15,other,,14.1,none,999.999
2026-09-28 10:34:18,other,,14.1,none,999.999
2026-09-28 10:34:21,idle,,0.9,none,999.999
2026-09-28 10:34:24,other,,14.1,none,999.999
2026-09-28 10:34:27,idle,,0.8,none,999.999
2026-09-28 10:34:30,time,crc_ok,14.2,decoded,999.999
2026-09-28 10:34:33,other,,13.9,none,999.999
2026-09-28 10:34:36,idle,,0.8,none,999.999
2026-09-28 10:34:39,other,,14.1,none,999.999
2026-09-28 10:34:42,other,,14.2,none,999.999
2026-09-28 10:34:45,idle,,0.8,none,999.999
2026-09-28 10:34:48,idle,,0.9,none,999.999
2026-09-28 10:34:51,other,,14.0,none,999.999
2026-09-28 10:34:54,other,,14.0,none,999.999
2026-09-28 10:34:57,idle,,0.9,none,999.999
2026-09-28 10:35:00,idle,,0.9,none,999.999
2026-09-28 10:35:03,time,crc_ok,14.1,decoded,999.999
2026-09-28 10:35:06,idle,,0.9,none,999.999
2026-09-28 10:35:09,other,,14.1,none,999.999
2026-09-28 10:35:12,idle,,0.9,none,999.999
2026-09-28 10:35:15,time,bit_errors,13.9,decoded,999.999
2026-09-28 10:35:18,idle,,0.9,none,999.999
2026-09-28 10:35:21,idle,,0.9,none,999.999
2026-09-28 10:35:24,idle,,0.9,none,999.999
2026-09-28 10:35:27,idle,,0.9,none,999.999
2026-09-28 10:35:30,other,,14.0,none,999.999
2026-09-28 10:35:33,other,,13.8,none,999.999
2026-09-28 10:35:36,idle,,1.0,none,999.999
2026-09-28 10:35:39,time,crc_ok,14.0,decoded,999.999
2026-09-28 10:35:42,idle,,1.0,none,999.999
2026-09-28 10:35:45,time,crc_ok,14.1,decoded,999.999
2026-09-28 10:35:48,time,crc_ok,14.2,decoded,999.999
2026-09-28 10:35:51,other,,14.1,none,999.999
2026-09-28 10:35:54,idle,,0.9,none,999.999
2026-09-28 10:35:57,idle,,0.9,none,999.999
2026-09-28 10:36:00,idle,,0.8,none,999.999
2026-09-28 10:36:03,time,crc_ok,13.7,decoded,999.999
2026-09-28 10:36:06,idle,,0.9,none,999.999
2026-09-28 10:36:09,other,,14.0,none,999.999
2026-09-28 10:36:12,idle,,0.8,none,999.999
2026-09-28 10:36:15,other,,14.1,none,999.999
2026-09-28 10:36:18,other,,14.1,none,999.999
2026-09-28 10:36:21,time,crc_ok,13.3,decoded,999.999
2026-09-28 10:36:24,idle,,0.9,none,999.999
2026-09-28 10:36:27,idle,,0.9,none,999.999
2026-09-28 10:36:30,idle,,0.9,none,999.999
2026-09-28 10:36:33,other,,14.3,none,999.999
2026-09-28 10:36:36,idle,,0.9,none,999.999
2026-09-28 10:36:39,time,crc_ok,13.6,decoded,999.999
2026-09-28 10:36:42,idle,,0.9,none,999.999
2026-09-28 10:36:45,time,crc_ok,14.0,decoded,999.999
2026-09-28 10:36:48,idle,,0.9,none,999.999
2026-09-28 10:36:51,idle,,0.9,none,999.999
2026-09-28 10:36:54,idle,,0.9,none,999.999
2026-09-28 10:36:57,idle,,0.9,none,999.999
2026-09-28 10:37:00,time,crc_ok,14.1,decoded,999.999
2026-09-28 10:37:03,time,crc_ok,13.8,decoded,999.999
2026-09-28 10:37:06,idle,,0.9,none,999.999
2026-09-28 10:37:09,other,,14.1,none,999.999
2026-09-28 10:37:12,idle,,1.0,none,999.999
2026-09-28 10:37:15,idle,,0.8,none,999.999
2026-09-28 10:37:18,idle,,0.9,none,999.999
2026-09-28 10:37:21,idle,,0.9,none,999.999
2026-09-28 10:37:24,other,,14.1,none,999.999
2026-09-28 10:37:27,idle,,0.9,none,999.999
2026-09-28 10:37:30,time,crc_ok,14.2,decoded,999.999
2026-09-28 10:37:33,other,,14.0,none,999.999
2026-09-28 10:37:36,idle,,0.9,none,999.999
2026-09-28 10:37:39,time,crc_ok,13.6,decoded,999.999
2026-09-28 10:37:42,other,,14.0,none,999.999
2026-09-28 10:37:45,idle,,0.9,none,999.999
2026-09-28 10:37:48,idle,,0.8,none,999.999
2026-09-28 10:37:51,other,,14.1,none,999.999
2026-09-28 10:37:54,other,,14.1,none,999.999
2026-09-28 10:37:57,idle,,1.0,none,999.999
2026-09-28 10:38:00,idle,,0.9,none,999.999
2026-09-28 10:38:03,time,crc_ok,14.3,decoded,999.999
2026-09-28 10:38:06,other,,14.0,none,999.999
2026-09-28 10:38:09,idle,,0.9,none,999.999
2026-09-28 10:38:12,other,,14.1,none,999.999
2026-09-28 10:38:15,other,,14.1,none,999.999
2026-09-28 10:38:18,other,,14.2,none,999.999
2026-09-28 10:38:21,idle,,0.9,none,999.999
2026-09-28 10:38:24,time,crc_ok,14.3,decoded,999.999
2026-09-28 10:38:27,idle,,0.9,none,999.999
2026-09-28 10:38:30,idle,,0.9,none,999.999
2026-09-28 10:38:33,other,,13.9,none,999.999
2026-09-28 10:38:36,idle,,1.0,none,999.999
2026-09-28 10:38:39,time,crc_ok,14.1,decoded,999.999
2026-09-28 10:38:42,time,crc_ok,14.2,decoded,999.999
2026-09-28 10:38:45,other,,14.1,none,999.999
2026-09-28 10:38:48,idle,,1.0,none,999.999
2026-09-28 10:38:51,idle,,1.0,none,999.999
2026-09-28 10:38:54,other,,14.1,none,999.999
2026-09-28 10:38:57,time,crc_ok,13.9,decoded,999.999
2026-09-28 10:39:00,other,,14.0,none,999.999
2026-09-28 10:39:03,time,crc_ok,14.0,decoded,999.999
2026-09-28 10:39:06,idle,,0.9,none,999.999
2026-09-28 10:39:09,other,,14.1,none,999.999
2026-09-28 10:39:12,time,crc_ok,14.0,decoded,999.999
2026-09-28 10:39:15,time,crc_ok,13.9,decoded,999.999
2026-09-28 10:39:18,idle,,0.9,none,999.999
2026-09-28 10:39:21,idle,,1.0,none,999.999
2026-09-28 10:39:24,other,,14.1,none,999.999
2026-09-28 10:39:27,other,,14.1,none,999.999
2026-09-28 10:39:30,other,,14.1,none,999.999
2026-09-28 10:39:33,other,,14.1,none,999.999
2026-09-28 10:39:36,time,crc_ok,14.3,decoded,999.999
2026-09-28 10:39:39,idle,,0.9,none,999.999
2026-09-28 10:39:42,other,,14.1,none,999.999
2026-09-28 10:39:45,time,crc_ok,14.0,decoded,999.999
2026-09-28 10:39:48,other,,14.1,none,999.999
2026-09-28 10:39:51,idle,,0.9,none,999.999
2026-09-28 10:39:54,other,,14.1,none,999.999
2026-09-28 10:39:57,idle,,0.9,none,999.999
2026-09-28 10:40:03,time,crc_ok,14.1,decoded,999.999
2026-09-28 10:40:06,other,,14.2,none,999.999
2026-09-28 10:40:09,idle,,0.9,none,999.999
2026-09-28 10:40:12,other,,14.1,none,999.999
2026-09-28 10:40:15,idle,,1.0,none,999.999
2026-09-28 10:40:18,other,,14.0,none,999.999
2026-09-28 10:40:21,other,,14.1,none,999.999
2026-09-28 10:40:24,idle,,1.0,none,999.999
2026-09-28 10:40:27,idle,,1.0,none,999.999
2026-09-28 10:40:30,idle,,1.0,none,999.999
2026-09-28 10:40:33,other,,14.2,none,999.999
2026-09-28 10:40:36,other,,14.1,none,999.999
2026-09-28 10:40:39,time,crc_ok,13.9,decoded,999.999
2026-09-28 10:40:42,other,,14.1,none,999.999
2026-09-28 10:40:45,other,,14.1,none,999.999
2026-09-28 10:40:48,other,,14.1,none,999.999
2026-09-28 10:40:51,time,crc_ok,14.1,decoded,999.999
2026-09-28 10:40:54,idle,,0.9,none,999.999
2026-09-28 10:40:57,idle,,0.9,none,999.999
2026-09-28 10:41:00,other,,14.1,none,999.999
2026-09-28 10:41:03,time,crc_ok,14.2,decoded,999.999
2026-09-28 10:41:06,idle,,0.9,none,999.999
2026-09-28 10:41:09,idle,,0.9,none,999.999
2026-09-28 10:41:12,idle,,0.9,none,999.999
2026-09-28 10:41:15,other,,14.1,none,999.999
2026-09-28 10:41:18,other,,14.1,none,999.999
2026-09-28 10:41:21,idle,,0.9,none,999.999
2026-09-28 10:41:24,idle,,1.0,none,999.999
2026-09-28 10:41:27,idle,,0.9,none,999.999
2026-09-28 10:41:30,idle,,0.9,none,999.999
2026-09-28 10:41:33,other,,14.5,none,999.999
2026-09-28 10:41:36,idle,,0.9,none,999.999
2026-09-28 10:41:39,other,,14.1,none,999.999
2026-09-28 10:41:42,other,,14.1,none,999.999
2026-09-28 10:41:45,idle,,0.9,none,999.999
2026-09-28 10:41:48,other,,14.1,none,999.999
2026-09-28 10:41:51,idle,,0.9,none,999.999
2026-09-28 10:41:54,idle,,1.0,none,999.999
2026-09-28 10:41:57,idle,,1.0,none,999.999
2026-09-28 10:42:00,idle,,1.0,none,999.999
2026-09-28 10:42:03,time,crc_ok,13.9,decoded,999.999
2026-09-28 10:42:06,idle,,0.9,none,999.999
2026-09-28 10:42:09,other,,14.1,none,999.999
2026-09-28 10:42:12,time,crc_ok,14.0,decoded,999.999
2026-09-28 10:42:15,idle,,0.9,none,999.999
2026-09-28 10:42:18,time,crc_ok,13.6,decoded,999.999
2026-09-28 10:42:21,idle,,0.9,none,999.999
2026-09-28 10:42:24,idle,,0.9,none,999.999
2026-09-28 10:42:27,idle,,0.9,none,999.999
2026-09-28 10:42:30,idle,,0.9,none,999.999
2026-09-28 10:42:33,other,,13.8,none,999.999
2026-09-28 10:42:36,idle,,0.9,none,999.999
2026-09-28 10:42:39,idle,,0.9,none,999.999
2026-09-28 10:42:42,idle,,1.0,none,999.999
2026-09-28 10:42:45,other,,14.2,none,999.999
2026-09-28 10:42:48,other,,14.1,none,999.999
2026-09-28 10:42:51,idle,,0.9,none,999.999
2026-09-28 10:42:54,idle,,0.9,none,999.999
2026-09-28 10:42:57,idle,,0.9,none,999.999
2026-09-28 10:43:00,idle,,0.8,none,999.999
2026-09-28 10:43:03,time,crc_ok,14.3,decoded,999.999
2026-09-28 10:43:06,idle,,0.9,none,999.999
2026-09-28 10:43:09,idle,,0.9,none,999.999
2026-09-28 10:43:12,idle,,0.9,none,999.999
2026-09-28 10:43:15,idle,,0.9,none,999.999
2026-09-28 10:43:18,idle,,0.9,none,999.999
2026-09-28 10:43:21,idle,,1.0,none,999.999
2026-09-28 10:43:24,idle,,0.9,none,999.999
2026-09-28 10:43:27,idle,,1.0,none,999.999
2026-09-28 10:43:30,other,,14.1,none,999.999
2026-09-28 10:43:33,other,,14.0,none,999.999
2026-09-28 10:43:36,other,,14.1,none,999.999
2026-09-28 10:43:39,idle,,1.0,none,999.999
2026-09-28 10:43:42,other,,14.1,none,999.999
2026-09-28 10:43:45,time,crc_ok,14.2,decoded,999.999
2026-09-28 10:43:48,idle,,0.8,none,999.999
2026-09-28 10:43:51,time,bit_errors,13.6,decoded,999.999
2026-09-28 10:43:54,idle,,0.9,none,999.999
2026-09-28 10:43:57,idle,,0.9,none,999.999
2026-09-28 10:44:00,idle,,0.8,none,999.999
2026-09-28 10:44:03,time,crc_ok,13.6,decoded,999.999
2026-09-28 10:44:06,idle,,0.8,none,999.999
2026-09-28 10:44:09,idle,,0.9,none,999.999
2026-09-28 10:44:12,idle,,1.0,none,999.999
2026-09-28 10:44:15,other,,14.1,none,999.999
2026-09-28 10:44:18,other,,14.2,none,999.999
2026-09-28 10:44:21,idle,,0.9,none,999.999
2026-09-28 10:44:24,time,bit_errors,13.9,decoded,999.999
2026-09-28 10:44:27,idle,,0.9,none,999.999
2026-09-28 10:44:30,idle,,0.9,none,999.999
2026-09-28 10:44:33,other,,14.0,none,999.999
2026-09-28 10:44:36,idle,,0.9,none,999.999
2026-09-28 10:44:39,other,,14.1,none,999.999
2026-09-28 10:44:42,time,crc_ok,13.5,decoded,999.999
2026-09-28 10:44:45,idle,,0.9,none,999.999
2026-09-28 10:44:48,other,,14.1,none,999.999
2026-09-28 10:44:51,idle,,0.8,none,999.999
2026-09-28 10:44:54,idle,,0.9,none,999.999
2026-09-28 10:44:57,idle,,0.9,none,999.999
2026-09-28 10:45:00,time,crc_ok,13.9,decoded,999.999
2026-09-28 10:45:03,time,crc_ok,13.8,decoded,999.999
2026-09-28 10:45:06,idle,,0.9,none,999.999
2026-09-28 10:45:09,other,,14.1,none,999.999
2026-09-28 10:45:12,time,crc_ok,13.6,decoded,999.999
2026-09-28 10:45:15,idle,,0.9,none,999.999
2026-09-28 10:45:18,time,crc_ok,14.1,decoded,999.999
2026-09-28 10:45:21,idle,,1.0,none,999.999
2026-09-28 10:45:24,idle,,0.9,none,999.999
2026-09-28 10:45:27,idle,,0.9,none,999.999
2026-09-28 10:45:30,time,crc_ok,13.9,decoded,999.999
2026-09-28 10:45:33,other,,14.0,none,999.999
2026-09-28 10:45:36,idle,,0.9,none,999.999
2026-09-28 10:45:39,idle,,0.9,none,999.999
2026-09-28 10:45:42,idle,,0.9,none,999.999
2026-09-28 10:45:45,other,,14.1,none,999.999
2026-09-28 10:45:48,time,bit_errors,14.0,decoded,999.999
2026-09-28 10:45:51,idle,,1.0,none,999.999
2026-09-28 10:45:54,other,,14.1,none,999.999
2026-09-28 10:45:57,idle,,0.9,none,999.999
2026-09-28 10:46:00,idle,,0.9,none,999.999
2026-09-28 10:46:03,time,crc_ok,14.2,decoded,999.999
2026-09-28 10:46:06,other,,14.2,none,999.999
2026-09-28 10:46:09,idle,,0.9,none,999.999
2026-09-28 10:46:12,idle,,0.9,none,999.999
2026-09-28 10:46:15,idle,,0.9,none,999.999
2026-09-28 10:46:18,idle,,1.0,none,999.999
2026-09-28 10:46:21,other,,14.2,none,999.999
2026-09-28 10:46:24,idle,,0.9,none,999.999
2026-09-28 10:46:27,idle,,0.9,none,999.999
2026-09-28 10:46:30,other,,14.1,none,999.999
2026-09-28 10:46:33,other,,13.9,none,999.999
2026-09-28 10:46:36,other,,14.1,none,999.999
2026-09-28 10:46:39,idle,,0.9,none,999.999
2026-09-28 10:46:42,other,,14.1,none,999.999
2026-09-28 10:46:45,time,crc_ok,13.6,decoded,999.999
2026-09-28 10:46:48,idle,,0.9,none,999.999
2026-09-28 10:46:51,time,crc_ok,13.9,decoded,999.999
2026-09-28 10:46:54,idle,,0.9,none,999.999
2026-09-28 10:46:57,idle,,0.9,none,999.999
2026-09-28 10:47:00,idle,,0.9,none,999.999
2026-09-28 10:47:03,time,crc_ok,13.7,decoded,999.999
2026-09-28 10:47:06,idle,,0.9,none,999.999
2026-09-28 10:47:09,other,,14.1,none,999.999
2026-09-28 10:47:12,idle,,0.9,none,999.999
2026-09-28 10:47:15,other,,14.1,none,999.999
2026-09-28 10:47:18,idle,,0.9,none,999.999
2026-09-28 10:47:21,idle,,1.0,none,999.999
2026-09-28 10:47:24,idle,,0.9,none,999.999
2026-09-28 10:47:27,idle,,0.9,none,999.999
2026-09-28 10:47:30,time,crc_ok,13.7,decoded,999.999
2026-09-28 10:47:33,other,,14.3,none,999.999
2026-09-28 10:47:36,idle,,0.8,none,999.999
2026-09-28 10:47:39,other,,14.2,none,999.999
2026-09-28 10:47:42,idle,,0.9,none,999.999
2026-09-28 10:47:45,time,crc_ok,14.3,decoded,999.999
2026-09-28 10:47:48,other,,14.1,none,999.999
2026-09-28 10:47:51,time,crc_ok,14.2,decoded,999.999
2026-09-28 10:47:54,idle,,0.9,none,999.999
2026-09-28 10:47:57,other,,14.0,none,999.999
2026-09-28 10:48:00,idle,,0.9,none,999.999
2026-09-28 10:48:03,time,crc_ok,13.9,decoded,999.999
2026-09-28 10:48:06,idle,,1.0,none,999.999
2026-09-28 10:48:09,other,,14.0,none,999.999
2026-09-28 10:48:12,idle,,0.8,none,999.999
2026-09-28 10:48:15,time,bit_errors,13.8,decoded,999.999
2026-09-28 10:48:18,time,crc_ok,13.8,decoded,999.999
2026-09-28 10:48:21,time,crc_ok,13.9,decoded,999.999
2026-09-28 10:48:24,idle,,0.9,none,999.999
2026-09-28 10:48:27,time,crc_ok,13.4,decoded,999.999
2026-09-28 10:48:30,idle,,0.9,none,999.999
2026-09-28 10:48:33,other,,14.2,none,999.999
2026-09-28 10:48:36,idle,,0.9,none,999.999
2026-09-28 10:48:39,other,,14.1,none,999.999
2026-09-28 10:48:42,idle,,0.9,none,999.999
2026-09-28 10:48:45,other,,14.1,none,999.999
2026-09-28 10:48:48,idle,,0.9,none,999.999
2026-09-28 10:48:51,idle,,0.9,none,999.999
2026-09-28 10:48:54,idle,,1.0,none,999.999
2026-09-28 10:48:57,idle,,0.9,none,999.999
2026-09-28 10:49:00,other,,14.1,none,999.999
2026-09-28 10:49:03,time,crc_ok,14.0,decoded,999.999
2026-09-28 10:49:06,idle,,0.9,none,999.999
2026-09-28 10:49:09,other,,14.1,none,999.999
2026-09-28 10:49:12,other,,14.0,none,999.999
2026-09-28 10:49:15,idle,,0.9,none,999.999
2026-09-28 10:49:18,idle,,0.9,none,999.999
2026-09-28 10:49:21,idle,,0.9,none,999.999
2026-09-28 10:49:24,time,crc_ok,14.0,decoded,999.999
2026-09-28 10:49:27,idle,,0.8,none,999.999
2026-09-28 10:49:30,time,crc_ok,13.8,decoded,999.999
2026-09-28 10:49:33,other,,14.1,none,999.999
2026-09-28 10:49:36,idle,,0.9,none,999.999
2026-09-28 10:49:39,other,,14.0,none,999.999
2026-09-28 10:49:42,other,,14.1,none,999.999
2026-09-28 10:49:45,idle,,0.9,none,999.999
2026-09-28 10:49:48,idle,,0.9,none,999.999
2026-09-28 10:49:51,time,crc_ok,14.0,decoded,999.999
2026-09-28 10:49:54,time,crc_ok,13.8,decoded,999.999
2026-09-28 10:49:57,idle,,0.9,none,999.999
2026-09-28 10:50:03,time,crc_ok,14.2,decoded,999.998
2026-09-28 10:50:06,idle,,0.9,none,999.998
2026-09-28 10:50:09,idle,,0.9,none,999.998
2026-09-28 10:50:12,idle,,0.9,none,999.998
2026-09-28 10:50:15,other,,14.0,none,999.998
2026-09-28 10:50:18,time,crc_ok,13.8,decoded,999.998
2026-09-28 10:50:21,idle,,0.9,none,999.998
2026-09-28 10:50:24,idle,,1.0,none,999.998
2026-09-28 10:50:27,time,crc_ok,14.1,decoded,999.998
2026-09-28 10:50:30,idle,,1.0,none,999.998
2026-09-28 10:50:33,other,,14.3,none,999.998
2026-09-28 10:50:36,idle,,0.9,none,999.998
2026-09-28 10:50:39,time,crc_ok,13.8,decoded,999.998
2026-09-28 10:50:42,time,crc_ok,13.8,decoded,999.998
2026-09-28 10:50:45,idle,,0.8,none,999.998
2026-09-28 10:50:48,other,,14.0,none,999.998
2026-09-28 10:50:51,idle,,0.8,none,999.998
2026-09-28 10:50:54,idle,,0.9,none,999.998
2026-09-28 10:50:57,idle,,0.9,none,999.998
2026-09-28 10:51:00,time,crc_ok,14.0,decoded,999.998
2026-09-28 10:51:03,time,crc_ok,14.1,decoded,999.998
2026-09-28 10:51:06,idle,,0.9,none,999.998
2026-09-28 10:51:09,other,,14.1,none,999.998
2026-09-28 10:51:12,other,,14.1,none,999.998
2026-09-28 10:51:15,idle,,0.8,none,999.998
2026-09-28 10:51:18,time,crc_ok,14.0,decoded,999.998
2026-09-28 10:51:21,idle,,0.9,none,999.998
2026-09-28 10:51:24,idle,,0.9,none,999.998
2026-09-28 10:51:27,idle,,0.9,none,999.998
2026-09-28 10:51:30,other,,14.1,none,999.998
2026-09-28 10:51:33,other,,14.1,none,999.998
2026-09-28 10:51:36,idle,,0.8,none,999.998
2026-09-28 10:51:39,idle,,0.9,none,999.998
2026-09-28 10:51:42,idle,,0.9,none,999.998
2026-09-28 10:51:45,time,crc_ok,14.1,decoded,999.998
2026-09-28 10:51:48,other,,14.1,none,999.998
2026-09-28 10:51:51,idle,,1.0,none,999.998
2026-09-28 10:51:54,idle,,0.9,none,999.998
2026-09-28 10:51:57,other,,14.1,none,999.998
2026-09-28 10:52:00,idle,,0.8,none,999.998
2026-09-28 10:52:03,time,crc_ok,13.6,decoded,999.998
2026-09-28 10:52:06,other,,14.1,none,999.998
2026-09-28 10:52:09,idle,,0.9,none,999.998
2026-09-28 10:52:12,idle,,0.8,none,999.998
2026-09-28 10:52:15,time,crc_ok,13.9,decoded,999.998
2026-09-28 10:52:18,idle,,0.9,none,999.998
2026-09-28 10:52:21,idle,,0.9,none,999.998
2026-09-28 10:52:24,idle,,0.9,none,999.998
2026-09-28 10:52:27,idle,,0.9,none,999.998
2026-09-28 10:52:30,other,,14.1,none,999.998
2026-09-28 10:52:33,other,,14.1,none,999.998
2026-09-28 10:52:36,time,crc_ok,13.8,decoded,999.998
2026-09-28 10:52:39,idle,,0.8,none,999.998
2026-09-28 10:52:42,time,crc_ok,13.9,decoded,999.998
2026-09-28 10:52:45,time,bit_errors,14.1,decoded,999.998
2026-09-28 10:52:48,idle,,0.9,none,999.998
2026-09-28 10:52:51,other,,14.0,none,999.998
2026-09-28 10:52:54,idle,,0.9,none,999.998
2026-09-28 10:52:57,idle,,0.9,none,999.998
2026-09-28 10:53:00,idle,,0.9,none,999.998
2026-09-28 10:53:03,time,crc_ok,14.4,decoded,999.998
2026-09-28 10:53:06,other,,14.0,none,999.998
2026-09-28 10:53:09,time,crc_ok,13.7,decoded,999.998
2026-09-28 10:53:12,time,crc_ok,13.9,decoded,999.998
2026-09-28 10:53:15,idle,,0.8,none,999.998
2026-09-28 10:53:18,time,crc_ok,13.7,decoded,999.998
2026-09-28 10:53:21,time,crc_ok,13.9,decoded,999.998
2026-09-28 10:53:24,time,crc_ok,13.7,decoded,999.998
2026-09-28 10:53:27,idle,,0.9,none,999.998
2026-09-28 10:53:30,idle,,0.8,none,999.998
2026-09-28 10:53:33,other,,13.9,none,999.998
2026-09-28 10:53:36,unclear,,13.3,none,999.998
2026-09-28 10:53:39,idle,,0.9,none,999.998
2026-09-28 10:53:42,idle,,0.9,none,999.998
2026-09-28 10:53:45,idle,,0.9,none,999.998
2026-09-28 10:53:48,idle,,0.9,none,999.998
2026-09-28 10:53:51,idle,,0.9,none,999.998
2026-09-28 10:53:54,time,crc_ok,14.0,decoded,999.998
2026-09-28 10:53:57,idle,,0.9,none,999.998
2026-09-28 10:54:00,idle,,0.9,none,999.998
2026-09-28 10:54:03,time,crc_ok,14.1,decoded,999.998
2026-09-28 10:54:06,idle,,0.8,none,999.998
2026-09-28 10:54:09,other,,14.1,none,999.998
2026-09-28 10:54:12,idle,,0.9,none,999.998
2026-09-28 10:54:15,idle,,0.8,none,999.998
2026-09-28 10:54:18,idle,,0.8,none,999.998
2026-09-28 10:54:21,idle,,0.9,none,999.998
2026-09-28 10:54:24,other,,14.1,none,999.998
2026-09-28 10:54:27,idle,,0.9,none,999.998
2026-09-28 10:54:30,idle,,0.9,none,999.998
2026-09-28 10:54:33,other,,14.3,none,999.998
2026-09-28 10:54:36,time,crc_ok,13.8,decoded,999.998
2026-09-28 10:54:39,time,crc_ok,14.4,decoded,999.998
2026-09-28 10:54:42,other,,14.0,none,999.998
2026-09-28 10:54:45,idle,,0.9,none,999.998
2026-09-28 10:54:48,time,crc_ok,13.6,decoded,999.998
2026-09-28 10:54:51,other,,14.1,none,999.998
2026-09-28 10:54:54,other,,14.1,none,999.998
2026-09-28 10:54:57,idle,,0.8,none,999.998
2026-09-28 10:55:00,idle,,0.9,none,999.998
2026-09-28 10:55:03,time,crc_ok,13.5,decoded,999.998
2026-09-28 10:55:06,idle,,0.9,none,999.998
2026-09-28 10:55:09,idle,,0.9,none,999.998
2026-09-28 10:55:12,idle,,1.0,none,999.998
2026-09-28 10:55:15,idle,,0.9,none,999.998
2026-09-28 10:55:18,other,,14.1,none,999.998
2026-09-28 10:55:21,other,,14.1,none,999.998
2026-09-28 10:55:24,idle,,0.9,none,999.998
2026-09-28 10:55:27,other,,14.1,none,999.998
2026-09-28 10:55:30,idle,,0.9,none,999.998
2026-09-28 10:55:33,other,,14.3,none,999.998
2026-09-28 10:55:36,time,crc_ok,13.9,decoded,999.998
2026-09-28 10:55:39,idle,,0.9,none,999.998
2026-09-28 10:55:42,idle,,0.8,none,999.998
2026-09-28 10:55:45,idle,,0.8,none,999.998
2026-09-28 10:55:48,other,,14.1,none,999.998
2026-09-28 10:55:51,time,crc_ok,14.1,decoded,999.998
2026-09-28 10:55:54,time,crc_ok,14.2,decoded,999.998
2026-09-28 10:55:57,idle,,0.9,none,999.998
2026-09-28 10:56:00,time,crc_ok,13.5,decoded,999.998
2026-09-28 10:56:03,time,crc_ok,14.0,decoded,999.998
2026-09-28 10:56:06,other,,14.2,none,999.998
2026-09-28 10:56:09,idle,,0.9,none,999.998
2026-09-28 10:56:12,time,crc_ok,14.5,decoded,999.998
2026-09-28 10:56:15,other,,14.1,none,999.998
2026-09-28 10:56:18,other,,14.1,none,999.998
2026-09-28 10:56:21,idle,,0.9,none,999.998
2026-09-28 10:56:24,other,,14.1,none,999.998
2026-09-28 10:56:27,idle,,0.9,none,999.998
2026-09-28 10:56:30,other,,14.1,none,999.998
2026-09-28 10:56:33,other,,14.2,none,999.998
2026-09-28 10:56:36,idle,,0.8,none,999.998
2026-09-28 10:56:39,other,,14.1,none,999.998
2026-09-28 10:56:42,time,crc_ok,13.9,decoded,999.998
2026-09-28 10:56:45,other,,14.1,none,999.998
2026-09-28 10:56:48,idle,,0.9,none,999.998
2026-09-28 10:56:51,idle,,0.9,none,999.998
2026-09-28 10:56:54,idle,,0.9,none,999.998
2026-09-28 10:56:57,idle,,0.9,none,999.998
2026-09-28 10:57:00,idle,,0.9,none,999.998
2026-09-28 10:57:03,time,crc_ok,14.2,decoded,999.998
2026-09-28 10:57:06,idle,,0.9,none,999.998
2026-09-28 10:57:09,other,,14.0,none,999.998
2026-09-28 10:57:12,time,crc_ok,13.6,decoded,999.998
2026-09-28 10:57:15,other,,14.1,none,999.998
2026-09-28 10:57:18,idle,,0.8,none,999.998
2026-09-28 10:57:21,idle,,0.8,none,999.998
2026-09-28 10:57:24,idle,,0.9,none,999.998
2026-09-28 10:57:27,idle,,0.8,none,999.998
2026-09-28 10:57:30,idle,,0.8,none,999.998
2026-09-28 10:57:33,other,,14.0,none,999.998
2026-09-28 10:57:36,time,crc_ok,14.2,decoded,999.998
2026-09-28 10:57:39,idle,,0.9,none,999.998
2026-09-28 10:57:42,time,crc_ok,13.9,decoded,999.998
2026-09-28 10:57:45,other,,14.1,none,999.998
2026-09-28 10:57:48,time,crc_ok,14.1,decoded,999.998
2026-09-28 10:57:51,idle,,0.8,none,999.998
2026-09-28 10:57:54,time,crc_ok,14.1,decoded,999.998
2026-09-28 10:57:57,idle,,0.9,none,999.998
2026-09-28 10:58:00,other,,14.1,none,999.998
2026-09-28 10:58:03,time,crc_ok,14.1,decoded,999.998
2026-09-28 10:58:06,idle,,0.9,none,999.998
2026-09-28 10:58:09,other,,14.1,none,999.998
2026-09-28 10:58:12,idle,,0.9,none,999.998
2026-09-28 10:58:15,idle,,0.9,none,999.998
2026-09-28 10:58:18,idle,,0.9,none,999.998
2026-09-28 10:58:21,time,crc_ok,14.2,decoded,999.998
2026-09-28 10:58:24,idle,,0.8,none,999.998
2026-09-28 10:58:27,idle,,0.8,none,999.998
2026-09-28 10:58:30,idle,,0.8,none,999.998
2026-09-28 10:58:33,other,,14.2,none,999.998
2026-09-28 10:58:36,other,,14.2,none,999.998
2026-09-28 10:58:39,time,crc_ok,13.6,decoded,999.998
2026-09-28 10:58:42,other,,14.0,none,999.998
2026-09-28 10:58:45,other,,14.1,none,999.998
2026-09-28 10:58:48,time,crc_ok,14.0,decoded,999.998
2026-09-28 10:58:51,other,,14.2,none,999.998
2026-09-28 10:58:54,idle,,0.9,none,999.998
2026-09-28 10:58:57,idle,,1.0,none,999.998
2026-09-28 10:59:00,time,crc_ok,13.6,decoded,999.998
2026-09-28 10:59:03,time,crc_ok,14.0,decoded,999.998
2026-09-28 10:59:06,idle,,0.9,none,999.998
2026-09-28 10:59:09,other,,14.2,none,999.998
2026-09-28 10:59:12,idle,,0.9,none,999.998
2026-09-28 10:59:15,time,crc_ok,14.2,decoded,999.998
2026-09-28 10:59:18,idle,,1.0,none,999.998
2026-09-28 10:59:21,idle,,0.9,none,999.998
2026-09-28 10:59:24,idle,,0.9,none,999.998
2026-09-28 10:59:27,idle,,0.9,none,999.998
2026-09-28 10:59:30,idle,,1.0,none,999.998
2026-09-28 10:59:33,other,,14.0,none,999.998
2026-09-28 10:59:36,idle,,0.9,none,999.998
2026-09-28 10:59:39,time,crc_ok,13.5,decoded,999.998
2026-09-28 10:59:42,idle,,0.9,none,999.998
2026-09-28 10:59:45,time,crc_ok,13.7,decoded,999.998
2026-09-28 10:59:48,other,,14.1,none,999.998
2026-09-28 10:59:51,other,,14.1,none,999.998
2026-09-28 10:59:54,idle,,1.2,none,999.998
2026-09-28 10:59:57,other,,14.1,none,999.998
2026-09-28 11:00:03,time,crc_ok,13.7,decoded,1000.001
2026-09-28 11:00:06,idle,,0.8,none,1000.001
2026-09-28 11:00:09,other,,14.1,none,1000.001
2026-09-28 11:00:12,idle,,0.9,none,1000.001
2026-09-28 11:00:15,time,crc_ok,14.3,decoded,1000.001
2026-09-28 11:00:18,time,crc_ok,14.1,decoded,1000.001
2026-09-28 11:00:21,other,,14.1,none,1000.001
2026-09-28 11:00:24,idle,,1.0,none,1000.001
2026-09-28 11:00:27,time,crc_ok,14.1,decoded,1000.001
2026-09-28 11:00:30,time,crc_ok,13.8,decoded,1000.001
2026-09-28 11:00:33,other,,14.2,none,1000.001
2026-09-28 11:00:36,idle,,0.9,none,1000.001
2026-09-28 11:00:39,time,crc_ok,13.9,decoded,1000.001
2026-09-28 11:00:42,idle,,0.9,none,1000.001
2026-09-28 11:00:45,other,,14.1,none,1000.001
2026-09-28 11:00:48,idle,,0.9,none,1000.001
2026-09-28 11:00:51,idle,,0.9,none,1000.001
2026-09-28 11:00:54,idle,,0.9,none,1000.001
2026-09-28 11:00:57,idle,,0.9,none,1000.001
2026-09-28 11:01:00,idle,,1.0,none,1000.001
2026-09-28 11:01:03,time,crc_ok,13.8,decoded,1000.001
2026-09-28 11:01:06,other,,14.1,none,1000.001
2026-09-28 11:01:09,idle,,0.9,none,1000.001
2026-09-28 11:01:12,other,,14.1,none,1000.001
2026-09-28 11:01:15,idle,,0.9,none,1000.001
2026-09-28 11:01:18,idle,,1.0,none,1000.001
2026-09-28 11:01:21,idle,,1.0,none,1000.001
2026-09-28 11:01:24,time,crc_ok,13.8,decoded,1000.001
2026-09-28 11:01:27,idle,,1.0,none,1000.001
2026-09-28 11:01:30,other,,14.2,none,1000.001
2026-09-28 11:01:33,other,,13.9,none,1000.001
2026-09-28 11:01:36,idle,,0.9,none,1000.001
2026-09-28 11:01:39,time,crc_ok,13.4,decoded,1000.001
2026-09-28 11:01:42,other,,14.1,none,1000.001
2026-09-28 11:01:45,idle,,1.0,none,1000.001
2026-09-28 11:01:48,idle,,0.9,none,1000.001
2026-09-28 11:01:51,other,,14.0,none,1000.001
2026-09-28 11:01:54,time,crc_ok,13.9,decoded,1000.001
2026-09-28 11:01:57,idle,,0.9,none,1000.001
2026-09-28 11:02:00,unclear,,14.0,none,1000.001
2026-09-28 11:02:03,idle,,0.9,none,1000.001
2026-09-28 11:02:06,idle,,1.0,none,1000.001
2026-09-28 11:02:09,other,,14.0,none,1000.001
2026-09-28 11:02:12,idle,,0.8,none,1000.001
2026-09-28 11:02:15,other,,14.1,none,1000.001
2026-09-28 11:02:18,idle,,0.9,none,1000.001
2026-09-28 11:02:21,idle,,0.9,none,1000.001
2026-09-28 11:02:24,other,,14.1,none,1000.001
2026-09-28 11:02:27,other,,14.1,none,1000.001
2026-09-28 11:02:30,other,,14.1,none,1000.001
2026-09-28 11:02:33,other,,14.2,none,1000.001
2026-09-28 11:02:36,idle,,0.9,none,1000.001
2026-09-28 11:02:39,time,crc_ok,13.8,decoded,1000.001
2026-09-28 11:02:42,idle,,0.9,none,1000.001
2026-09-28 11:02:45,other,,14.1,none,1000.001
2026-09-28 11:02:48,time,crc_ok,14.2,decoded,1000.001
2026-09-28 11:02:51,time,crc_ok,14.0,decoded,1000.001
2026-09-28 11:02:54,other,,14.2,none,1000.001
2026-09-28 11:02:57,idle,,1.0,none,1000.001
2026-09-28 11:03:00,other,,14.1,none,1000.001
2026-09-28 11:03:03,time,crc_ok,13.8,decoded,1000.001
2026-09-28 11:03:06,idle,,0.9,none,1000.001
2026-09-28 11:03:09,other,,14.1,none,1000.001
2026-09-28 11:03:12,idle,,1.0,none,1000.001
2026-09-28 11:03:15,time,crc_ok,14.1,decoded,1000.001
2026-09-28 11:03:18,time,crc_ok,14.1,decoded,1000.001
2026-09-28 11:03:21,other,,14.2,none,1000.001
2026-09-28 11:03:24,time,crc_ok,13.7,decoded,1000.001
2026-09-28 11:03:27,idle,,0.9,none,1000.001
2026-09-28 11:03:30,other,,14.1,none,1000.001
2026-09-28 11:03:33,other,,14.1,none,1000.001
2026-09-28 11:03:36,idle,,0.9,none,1000.001
2026-09-28 11:03:39,time,crc_ok,13.8,decoded,1000.001
2026-09-28 11:03:42,idle,,0.9,none,1000.001
2026-09-28 11:03:45,other,,14.1,none,1000.001
2026-09-28 11:03:48,idle,,0.8,none,1000.001
2026-09-28 11:03:51,idle,,0.9,none,1000.001
2026-09-28 11:03:54,other,,14.1,none,1000.001
2026-09-28 11:03:57,other,,14.0,none,1000.001
2026-09-28 11:04:00,time,crc_ok,13.9,decoded,1000.001
2026-09-28 11:04:03,time,crc_ok,13.6,decoded,1000.001
2026-09-28 11:04:06,other,,14.0,none,1000.001
2026-09-28 11:04:09,other,,14.0,none,1000.001
2026-09-28 11:04:12,idle,,0.9,none,1000.001
2026-09-28 11:04:15,other,,14.1,none,1000.001
2026-09-28 11:04:18,time,crc_ok,14.1,decoded,1000.001
2026-09-28 11:04:21,time,crc_ok,14.2,decoded,1000.001
2026-09-28 11:04:24,time,crc_ok,13.9,decoded,1000.001
2026-09-28 11:04:27,idle,,0.9,none,1000.001
2026-09-28 11:04:30,time,crc_ok,14.3,decoded,1000.001
2026-09-28 11:04:33,other,,14.2,none,1000.001
2026-09-28 11:04:36,idle,,1.0,none,1000.001
2026-09-28 11:04:39,time,crc_ok,14.1,decoded,1000.001
2026-09-28 11:04:42,time,crc_ok,13.7,decoded,1000.001
2026-09-28 11:04:45,idle,,1.0,none,1000.001
2026-09-28 11:04:48,idle,,1.0,none,1000.001
2026-09-28 11:04:51,time,crc_ok,13.9,decoded,1000.001
2026-09-28 11:04:54,other,,14.1,none,1000.001
2026-09-28 11:04:57,idle,,0.9,none,1000.001
2026-09-28 11:05:00,idle,,0.9,none,1000.001
2026-09-28 11:05:03,time,crc_ok,13.8,decoded,1000.001
2026-09-28 11:05:06,other,,14.2,none,1000.001
2026-09-28 11:05:09,idle,,0.9,none,1000.001
2026-09-28 11:05:12,other,,14.1,none,1000.001
2026-09-28 11:05:15,time,crc_ok,13.8,decoded,1000.001
2026-09-28 11:05:18,time,crc_ok,14.1,decoded,1000.001
2026-09-28 11:05:21,idle,,0.8,none,1000.001
2026-09-28 11:05:24,other,,14.1,none,1000.001
2026-09-28 11:05:27,time,crc_ok,13.9,decoded,1000.001
2026-09-28 11:05:30,idle,,0.9,none,1000.001
2026-09-28 11:05:33,other,,14.1,none,1000.001
2026-09-28 11:05:36,idle,,0.9,none,1000.001
2026-09-28 11:05:39,other,,14.1,none,1000.001
2026-09-28 11:05:42,time,crc_ok,13.9,decoded,1000.001
2026-09-28 11:05:45,other,,14.1,none,1000.001
2026-09-28 11:05:48,idle,,0.9,none,1000.001
2026-09-28 11:05:51,idle,,0.9,none,1000.001
2026-09-28 11:05:54,time,crc_ok,13.6,decoded,1000.001
2026-09-28 11:05:57,idle,,0.8,none,1000.001
2026-09-28 11:06:00,other,,14.1,none,1000.001
2026-09-28 11:06:03,time,crc_ok,13.5,decoded,1000.001
2026-09-28 11:06:06,idle,,0.9,none,1000.001
2026-09-28 11:06:09,other,,14.1,none,1000.001
2026-09-28 11:06:12,other,,14.1,none,1000.001
2026-09-28 11:06:15,other,,14.1,none,1000.001
2026-09-28 11:06:18,idle,,0.8,none,1000.001
2026-09-28 11:06:21,idle,,0.9,none,1000.001
2026-09-28 11:06:24,other,,14.2,none,1000.001
2026-09-28 11:06:27,idle,,0.9,none,1000.001
2026-09-28 11:06:30,time,crc_ok,13.5,decoded,1000.001
2026-09-28 11:06:33,other,,14.5,none,1000.001
2026-09-28 11:06:36,other,,14.2,none,1000.001
2026-09-28 11:06:39,idle,,1.0,none,1000.001
2026-09-28 11:06:42,other,,14.1,none,1000.001
2026-09-28 11:06:45,other,,14.1,none,1000.001
2026-09-28 11:06:48,time,crc_ok,13.9,decoded,1000.001
2026-09-28 11:06:51,idle,,0.9,none,1000.001
2026-09-28 11:06:54,other,,14.1,none,1000.001
2026-09-28 11:06:57,other,,14.1,none,1000.001
2026-09-28 11:07:00,idle,,0.9,none,1000.001
2026-09-28 11:07:03,time,crc_ok,14.0,decoded,1000.001
2026-09-28 11:07:06,other,,14.1,none,1000.001
2026-09-28 11:07:09,idle,,1.0,none,1000.001
2026-09-28 11:07:12,idle,,0.9,none,1000.001
2026-09-28 11:07:15,time,crc_ok,13.6,decoded,1000.001
2026-09-28 11:07:18,other,,14.1,none,1000.001
2026-09-28 11:07:21,time,crc_ok,13.5,decoded,1000.001
2026-09-28 11:07:24,idle,,0.9,none,1000.001
2026-09-28 11:07:27,idle,,0.8,none,1000.001
2026-09-28 11:07:30,idle,,1.0,none,1000.001
2026-09-28 11:07:33,other,,14.3,none,1000.001
2026-09-28 11:07:36,other,,14.2,none,1000.001
2026-09-28 11:07:39,other,,14.1,none,1000.001
2026-09-28 11:07:42,other,,14.1,none,1000.001
2026-09-28 11:07:45,other,,14.0,none,1000.001
2026-09-28 11:07:48,other,,14.1,none,1000.001
2026-09-28 11:07:51,other,,14.1,none,1000.001
2026-09-28 11:07:54,idle,,0.9,none,1000.001
2026-09-28 11:07:57,idle,,1.0,none,1000.001
2026-09-28 11:08:00,time,bit_errors,13.4,decoded,1000.001
2026-09-28 11:08:03,time,crc_ok,13.6,decoded,1000.001
2026-09-28 11:08:06,idle,,0.9,none,1000.001
2026-09-28 11:08:09,idle,,1.0,none,1000.001
2026-09-28 11:08:12,idle,,1.0,none,1000.001
2026-09-28 11:08:15,other,,14.1,none,1000.001
2026-09-28 11:08:18,other,,14.1,none,1000.001
2026-09-28 11:08:21,idle,,0.9,none,1000.001
2026-09-28 11:08:24,time,crc_ok,13.6,decoded,1000.001
2026-09-28 11:08:27,idle,,0.9,none,1000.001
2026-09-28 11:08:30,idle,,0.9,none,1000.001
2026-09-28 11:08:33,other,,14.2,none,1000.001
2026-09-28 11:08:36,idle,,0.9,none,1000.001
2026-09-28 11:08:39,time,crc_ok,13.8,decoded,1000.001
2026-09-28 11:08:42,time,crc_ok,13.8,decoded,1000.001
2026-09-28 11:08:45,idle,,0.9,none,1000.001
2026-09-28 11:08:48,other,,14.1,none,1000.001
2026-09-28 11:08:51,idle,,0.9,none,1000.001
2026-09-28 11:08:54,time,crc_ok,13.8,decoded,1000.001
2026-09-28 11:08:57,idle,,0.9,none,1000.001
2026-09-28 11:09:00,idle,,0.9,none,1000.001
2026-09-28 11:09:03,time,crc_ok,13.7,decoded,1000.001
2026-09-28 11:09:06,idle,,0.8,none,1000.001
2026-09-28 11:09:09,other,,14.1,none,1000.001
2026-09-28 11:09:12,other,,14.2,none,1000.001
2026-09-28 11:09:15,idle,,1.1,none,1000.001
2026-09-28 11:09:18,other,,14.0,none,1000.001
2026-09-28 11:09:21,idle,,0.9,none,1000.001
2026-09-28 11:09:24,time,crc_ok,13.6,decoded,1000.001
2026-09-28 11:09:27,idle,,0.9,none,1000.001
2026-09-28 11:09:30,idle,,0.9,none,1000.001
2026-09-28 11:09:33,other,,14.2,none,1000.001
2026-09-28 11:09:36,idle,,0.9,none,1000.001
2026-09-28 11:09:39,idle,,0.9,none,1000.001
2026-09-28 11:09:42,idle,,0.9,none,1000.001
2026-09-28 11:09:45,time,crc_ok,13.4,decoded,1000.001
2026-09-28 11:09:48,other,,14.1,none,1000.001
2026-09-28 11:09:51,idle,,0.8,none,1000.001
2026-09-28 11:09:54,other,,14.1,none,1000.001
2026-09-28 11:09:57,idle,,0.9,none,1000.001
2026-09-28 11:10:03,time,crc_ok,14.2,decoded,1000.000
2026-09-28 11:10:06,idle,,0.9,none,1000.000
2026-09-28 11:10:09,idle,,0.9,none,1000.000
2026-09-28 11:10:12,idle,,0.9,none,1000.000
2026-09-28 11:10:15,idle,,0.9,none,1000.000
2026-09-28 11:10:18,other,,14.0,none,1000.000
2026-09-28 11:10:21,other,,14.2,none,1000.000
2026-09-28 11:10:24,idle,,0.9,none,1000.000
2026-09-28 11:10:27,idle,,0.9,none,1000.000
2026-09-28 11:10:30,time,crc_ok,14.5,decoded,1000.000
2026-09-28 11:10:33,other,,14.4,none,1000.000
2026-09-28 11:10:36,time,crc_ok,13.8,decoded,1000.000
2026-09-28 11:10:39,idle,,0.8,none,1000.000
2026-09-28 11:10:42,other,,14.1,none,1000.000
2026-09-28 11:10:45,time,crc_ok,13.5,decoded,1000.000
2026-09-28 11:10:48,idle,,1.0,none,1000.000
2026-09-28 11:10:51,time,crc_ok,13.7,decoded,1000.000
2026-09-28 11:10:54,idle,,0.9,none,1000.000
2026-09-28 11:10:57,idle,,0.9,none,1000.000
2026-09-28 11:11:00,idle,,0.9,none,1000.000
2026-09-28 11:11:03,time,crc_ok,13.8,decoded,1000.000
2026-09-28 11:11:06,other,,14.1,none,1000.000
2026-09-28 11:11:09,unclear,,13.8,none,1000.000
2026-09-28 11:11:12,idle,,0.8,none,1000.000
2026-09-28 11:11:15,other,,14.1,none,1000.000
2026-09-28 11:11:18,time,crc_ok,14.0,decoded,1000.000
2026-09-28 11:11:21,idle,,0.9,none,1000.000
2026-09-28 11:11:24,idle,,0.9,none,1000.000
2026-09-28 11:11:27,time,crc_ok,13.9,decoded,1000.000
2026-09-28 11:11:30,time,crc_ok,14.2,decoded,1000.000
2026-09-28 11:11:33,other,,14.0,none,1000.000
2026-09-28 11:11:36,idle,,0.9,none,1000.000
2026-09-28 11:11:39,other,,14.1,none,1000.000
2026-09-28 11:11:42,other,,14.1,none,1000.000
2026-09-28 11:11:45,time,crc_ok,13.6,decoded,1000.000
2026-09-28 11:11:48,idle,,0.8,none,1000.000
2026-09-28 11:11:51,idle,,0.9,none,1000.000
2026-09-28 11:11:54,idle,,0.9,none,1000.000
2026-09-28 11:11:57,other,,14.1,none,1000.000
2026-09-28 11:12:00,idle,,0.9,none,1000.000
2026-09-28 11:12:03,time,crc_ok,13.7,decoded,1000.000
2026-09-28 11:12:06,idle,,1.0,none,1000.000
2026-09-28 11:12:09,other,,14.1,none,1000.000
2026-09-28 11:12:12,other,,14.0,none,1000.000
2026-09-28 11:12:15,other,,14.1,none,1000.000
2026-09-28 11:12:18,idle,,0.9,none,1000.000
2026-09-28 11:12:21,idle,,0.9,none,1000.000
2026-09-28 11:12:24,idle,,1.0,none,1000.000
2026-09-28 11:12:27,time,crc_ok,13.6,decoded,1000.000
2026-09-28 11:12:30,idle,,1.0,none,1000.000
2026-09-28 11:12:33,other,,14.2,none,1000.000
2026-09-28 11:12:36,other,,14.1,none,1000.000
2026-09-28 11:12:39,idle,,0.9,none,1000.000
2026-09-28 11:12:42,time,crc_ok,13.5,decoded,1000.000
2026-09-28 11:12:45,time,crc_ok,13.0,decoded,1000.000
2026-09-28 11:12:48,other,,14.1,none,1000.000
2026-09-28 11:12:51,idle,,0.9,none,1000.000
2026-09-28 11:12:54,idle,,0.8,none,1000.000
2026-09-28 11:12:57,other,,14.1,none,1000.000
2026-09-28 11:13:00,other,,14.1,none,1000.000
2026-09-28 11:13:03,time,crc_ok,13.6,decoded,1000.000
2026-09-28 11:13:06,idle,,0.9,none,1000.000
2026-09-28 11:13:09,other,,14.1,none,1000.000
2026-09-28 11:13:12,other,,14.0,none,1000.000
2026-09-28 11:13:15,other,,14.1,none,1000.000
2026-09-28 11:13:18,idle,,0.8,none,1000.000
2026-09-28 11:13:21,idle,,0.8,none,1000.000
2026-09-28 11:13:24,idle,,0.8,none,1000.000
2026-09-28 11:13:27,idle,,0.9,none,1000.000
2026-09-28 11:13:30,idle,,0.8,none,1000.000
2026-09-28 11:13:33,other,,14.0,none,1000.000
2026-09-28 11:13:36,other,,14.1,none,1000.000
2026-09-28 11:13:39,time,crc_ok,13.5,decoded,1000.000
2026-09-28 11:13:42,time,crc_ok,13.8,decoded,1000.000
2026-09-28 11:13:45,time,crc_ok,13.4,decoded,1000.000
2026-09-28 11:13:48,other,,14.1,none,1000.000
2026-09-28 11:13:51,time,crc_ok,13.8,decoded,1000.000
2026-09-28 11:13:54,idle,,0.9,none,1000.000
2026-09-28 11:13:57,idle,,0.9,none,1000.000
2026-09-28 11:14:00,time,crc_ok,13.5,decoded,1000.000
2026-09-28 11:14:03,time,crc_ok,13.7,decoded,1000.000
2026-09-28 11:14:06,idle,,0.9,none,1000.000
2026-09-28 11:14:09,idle,,0.8,none,1000.000
2026-09-28 11:14:12,idle,,0.9,none,1000.000
2026-09-28 11:14:15,other,,14.0,none,1000.000
2026-09-28 11:14:18,time,crc_ok,12.9,decoded,1000.000
2026-09-28 11:14:21,idle,,0.8,none,1000.000
2026-09-28 11:14:24,idle,,0.8,none,1000.000
2026-09-28 11:14:27,idle,,0.9,none,1000.000
2026-09-28 11:14:30,unclear,,14.1,none,1000.000
2026-09-28 11:14:33,idle,,0.8,none,1000.000
2026-09-28 11:14:36,idle,,0.8,none,1000.000
2026-09-28 11:14:39,other,,14.1,none,1000.000
2026-09-28 11:14:42,other,,14.1,none,1000.000
2026-09-28 11:14:45,idle,,0.9,none,1000.000
2026-09-28 11:14:48,time,crc_ok,13.1,decoded,1000.000
2026-09-28 11:14:51,idle,,0.9,none,1000.000
2026-09-28 11:14:54,time,crc_ok,13.2,decoded,1000.000
2026-09-28 11:14:57,idle,,0.8,none,1000.000
2026-09-28 11:15:00,idle,,0.8,none,1000.000
2026-09-28 11:15:03,time,crc_ok,13.5,decoded,1000.000
2026-09-28 11:15:06,idle,,0.8,none,1000.000
2026-09-28 11:15:09,other,,14.1,none,1000.000
2026-09-28 11:15:12,other,,14.1,none,1000.000
2026-09-28 11:15:15,idle,,0.8,none,1000.000
2026-09-28 11:15:18,other,,14.0,none,1000.000
2026-09-28 11:15:21,idle,,0.8,none,1000.000
2026-09-28 11:15:24,time,crc_ok,13.8,decoded,1000.000
2026-09-28 11:15:27,idle,,0.9,none,1000.000
2026-09-28 11:15:30,idle,,0.9,none,1000.000
2026-09-28 11:15:33,other,,14.5,none,1000.000
2026-09-28 11:15:36,idle,,0.8,none,1000.000
2026-09-28 11:15:39,idle,,0.9,none,1000.000
2026-09-28 11:15:42,idle,,0.8,none,1000.000
2026-09-28 11:15:45,time,crc_ok,13.8,decoded,1000.000
2026-09-28 11:15:48,other,,14.1,none,1000.000
2026-09-28 11:15:51,idle,,0.8,none,1000.000
2026-09-28 11:15:54,idle,,0.9,none,1000.000
2026-09-28 11:15:57,idle,,1.0,none,1000.000
2026-09-28 11:16:00,idle,,0.9,none,1000.000
2026-09-28 11:16:03,time,crc_ok,13.4,decoded,1000.000
2026-09-28 11:16:06,idle,,0.9,none,1000.000
2026-09-28 11:16:09,idle,,0.9,none,1000.000
2026-09-28 11:16:12,idle,,0.9,none,1000.000
2026-09-28 11:16:15,idle,,1.0,none,1000.000
2026-09-28 11:16:18,other,,14.0,none,1000.000
2026-09-28 11:16:21,idle,,0.9,none,1000.000
2026-09-28 11:16:24,idle,,0.9,none,1000.000
2026-09-28 11:16:27,idle,,0.9,none,1000.000
2026-09-28 11:16:30,time,crc_ok,14.0,decoded,1000.000
2026-09-28 11:16:33,other,,14.6,none,1000.000
2026-09-28 11:16:36,time,crc_ok,13.4,decoded,1000.000
2026-09-28 11:16:39,idle,,0.8,none,1000.000
2026-09-28 11:16:42,time,crc_ok,13.7,decoded,1000.000
2026-09-28 11:16:45,other,,14.1,none,1000.000
2026-09-28 11:16:48,idle,,0.9,none,1000.000
2026-09-28 11:16:51,other,,14.0,none,1000.000
2026-09-28 11:16:54,idle,,1.0,none,1000.000
2026-09-28 11:16:57,idle,,0.9,none,1000.000
2026-09-28 11:17:00,idle,,0.9,none,1000.000
2026-09-28 11:17:03,time,crc_ok,14.0,decoded,1000.000
2026-09-28 11:17:06,other,,14.1,none,1000.000
2026-09-28 11:17:09,idle,,0.8,none,1000.000
2026-09-28 11:17:12,other,,14.1,none,1000.000
2026-09-28 11:17:15,other,,14.2,none,1000.000
2026-09-28 11:17:18,time,bit_errors,13.7,decoded,1000.000
2026-09-28 11:17:21,idle,,1.0,none,1000.000
2026-09-28 11:17:24,idle,,0.9,none,1000.000
2026-09-28 11:17:27,idle,,0.9,none,1000.000
2026-09-28 11:17:30,idle,,1.0,none,1000.000
2026-09-28 11:17:33,other,,14.3,none,1000.000
2026-09-28 11:17:36,idle,,0.9,none,1000.000
2026-09-28 11:17:39,other,,14.1,none,1000.000
2026-09-28 11:17:42,time,crc_ok,13.6,decoded,1000.000
2026-09-28 11:17:45,other,,14.2,none,1000.000
2026-09-28 11:17:48,idle,,0.8,none,1000.000
2026-09-28 11:17:51,idle,,0.9,none,1000.000
2026-09-28 11:17:54,time,crc_ok,14.1,decoded,1000.000
2026-09-28 11:17:57,idle,,0.9,none,1000.000
2026-09-28 11:18:00,idle,,0.8,none,1000.000
2026-09-28 11:18:03,time,crc_ok,13.9,decoded,1000.000
2026-09-28 11:18:06,idle,,0.8,none,1000.000
2026-09-28 11:18:09,other,,14.1,none,1000.000
2026-09-28 11:18:12,other,,14.0,none,1000.000
2026-09-28 11:18:15,other,,14.1,none,1000.000
2026-09-28 11:18:18,idle,,0.9,none,1000.000
2026-09-28 11:18:21,idle,,0.9,none,1000.000
2026-09-28 11:18:24,time,crc_ok,13.2,decoded,1000.000
2026-09-28 11:18:27,idle,,0.9,none,1000.000
2026-09-28 11:18:30,idle,,0.9,none,1000.000
2026-09-28 11:18:33,other,,14.3,none,1000.000
2026-09-28 11:18:36,time,crc_ok,13.9,decoded,1000.000
2026-09-28 11:18:39,idle,,0.9,none,1000.000
2026-09-28 11:18:42,other,,14.1,none,1000.000
2026-09-28 11:18:45,time,crc_ok,13.7,decoded,1000.000
2026-09-28 11:18:48,other,,14.1,none,1000.000
2026-09-28 11:18:51,idle,,0.9,none,1000.000
2026-09-28 11:18:54,idle,,0.9,none,1000.000
2026-09-28 11:18:57,idle,,0.8,none,1000.000
2026-09-28 11:19:00,idle,,0.9,none,1000.000
2026-09-28 11:19:03,time,crc_ok,13.8,decoded,1000.000
2026-09-28 11:19:06,idle,,0.9,none,1000.000
2026-09-28 11:19:09,idle,,1.0,none,1000.000
2026-09-28 11:19:12,idle,,0.8,none,1000.000
2026-09-28 11:19:15,idle,,0.9,none,1000.000
2026-09-28 11:19:18,other,,14.0,none,1000.000
2026-09-28 11:19:21,idle,,0.9,none,1000.000
2026-09-28 11:19:24,idle,,0.9,none,1000.000
2026-09-28 11:19:27,idle,,0.9,none,1000.000
2026-09-28 11:19:30,idle,,0.9,none,1000.000
2026-09-28 11:19:33,other,,14.4,none,1000.000
2026-09-28 11:19:36,other,,14.1,none,1000.000
2026-09-28 11:19:39,time,crc_ok,13.8,decoded,1000.000
2026-09-28 11:19:42,other,,14.1,none,1000.000
2026-09-28 11:19:45,other,,14.1,none,1000.000
2026-09-28 11:19:48,time,crc_ok,13.9,decoded,1000.000
2026-09-28 11:19:51,other,,14.0,none,1000.000
2026-09-28 11:19:54,idle,,0.9,none,1000.000
2026-09-28 11:19:57,idle,,1.0,none,1000.000
2026-09-28 11:20:03,time,crc_ok,13.4,decoded,999.998
2026-09-28 11:20:06,idle,,0.9,none,999.998
2026-09-28 11:20:09,idle,,0.9,none,999.998
2026-09-28 11:20:12,idle,,0.9,none,999.998
2026-09-28 11:20:15,other,,14.1,none,999.998
2026-09-28 11:20:18,other,,14.1,none,999.998
2026-09-28 11:20:21,idle,,0.9,none,999.998
2026-09-28 11:20:24,idle,,1.0,none,999.998
2026-09-28 11:20:27,other,,14.0,none,999.998
2026-09-28 11:20:30,time,crc_ok,13.5,decoded,999.998
2026-09-28 11:20:33,other,,14.5,none,999.998
2026-09-28 11:20:36,idle,,0.9,none,999.998
2026-09-28 11:20:39,time,crc_ok,14.1,decoded,999.998
2026-09-28 11:20:42,other,,14.1,none,999.998
2026-09-28 11:20:45,idle,,1.0,none,999.998
2026-09-28 11:20:48,time,crc_ok,13.4,decoded,999.998
2026-09-28 11:20:51,idle,,0.9,none,999.998
2026-09-28 11:20:54,idle,,0.9,none,999.998
2026-09-28 11:20:57,idle,,0.8,none,999.998
2026-09-28 11:21:00,idle,,0.8,none,999.998
2026-09-28 11:21:03,time,crc_ok,13.7,decoded,999.998
2026-09-28 11:21:06,idle,,0.9,none,999.998
2026-09-28 11:21:09,other,,14.1,none,999.998
2026-09-28 11:21:12,time,crc_ok,13.8,decoded,999.998
2026-09-28 11:21:15,idle,,0.9,none,999.998
2026-09-28 11:21:18,time,crc_ok,13.8,decoded,999.998
2026-09-28 11:21:21,idle,,0.9,none,999.998
2026-09-28 11:21:24,idle,,0.9,none,999.998
2026-09-28 11:21:27,idle,,0.9,none,999.998
2026-09-28 11:21:30,idle,,0.9,none,999.998
2026-09-28 11:21:33,other,,13.9,none,999.998
2026-09-28 11:21:36,idle,,0.9,none,999.998
2026-09-28 11:21:39,idle,,0.9,none,999.998
2026-09-28 11:21:42,idle,,1.0,none,999.998
2026-09-28 11:21:45,time,crc_ok,13.2,decoded,999.998
2026-09-28 11:21:48,time,crc_ok,13.6,decoded,999.998
2026-09-28 11:21:51,idle,,0.8,none,999.998
2026-09-28 11:21:54,idle,,0.9,none,999.998
2026-09-28 11:21:57,other,,14.1,none,999.998
2026-09-28 11:22:00,time,crc_ok,13.6,decoded,999.998
2026-09-28 11:22:03,time,crc_ok,13.2,decoded,999.998
2026-09-28 11:22:06,idle,,0.9,none,999.998
2026-09-28 11:22:09,other,,14.0,none,999.998
2026-09-28 11:22:12,idle,,1.2,none,999.998
2026-09-28 11:22:15,other,,14.1,none,999.998
2026-09-28 11:22:18,idle,,0.9,none,999.998
2026-09-28 11:22:21,idle,,0.9,none,999.998
2026-09-28 11:22:24,idle,,1.0,none,999.998
2026-09-28 11:22:27,idle,,1.0,none,999.998
2026-09-28 11:22:30,unclear,,4488.2,failed,999.998
2026-09-28 11:22:33,unclear,,3017.7,none,999.998
2026-09-28 11:22:36,time,crc_ok,13.5,decoded,999.998
2026-09-28 11:22:39,idle,,0.9,none,999.998
2026-09-28 11:22:42,time,crc_ok,14.0,decoded,999.998
2026-09-28 11:22:45,other,,14.1,none,999.998
2026-09-28 11:22:48,idle,,1.0,none,999.998
2026-09-28 11:22:51,other,,14.1,none,999.998
2026-09-28 11:22:54,idle,,1.0,none,999.998
2026-09-28 11:22:57,idle,,1.0,none,999.998
2026-09-28 11:23:00,idle,,0.9,none,999.998
2026-09-28 11:23:03,time,crc_ok,13.8,decoded,999.998
2026-09-28 11:23:06,idle,,0.9,none,999.998
2026-09-28 11:23:09,idle,,0.9,none,999.998
2026-09-28 11:23:12,idle,,1.0,none,999.998
2026-09-28 11:23:15,other,,14.0,none,999.998
2026-09-28 11:23:18,time,bit_errors,13.9,decoded,999.998
2026-09-28 11:23:21,idle,,0.9,none,999.998
2026-09-28 11:23:24,other,,14.1,none,999.998
2026-09-28 11:23:27,idle,,0.9,none,999.998
2026-09-28 11:23:30,idle,,0.8,none,999.998
2026-09-28 11:23:33,other,,14.2,none,999.998
2026-09-28 11:23:36,idle,,0.9,none,999.998
2026-09-28 11:23:39,time,crc_ok,13.7,decoded,999.998
2026-09-28 11:23:42,time,crc_ok,13.7,decoded,999.998
2026-09-28 11:23:45,idle,,0.9,none,999.998
2026-09-28 11:23:48,time,crc_ok,13.5,decoded,999.998
2026-09-28 11:23:51,idle,,1.0,none,999.998
2026-09-28 11:23:54,idle,,1.0,none,999.998
2026-09-28 11:23:57,time,crc_ok,13.2,decoded,999.998
2026-09-28 11:24:00,idle,,0.9,none,999.998
2026-09-28 11:24:03,time,crc_ok,13.5,decoded,999.998
2026-09-28 11:24:06,idle,,0.9,none,999.998
2026-09-28 11:24:09,other,,14.1,none,999.998
2026-09-28 11:24:12,time,crc_ok,13.4,decoded,999.998
2026-09-28 11:24:15,idle,,0.9,none,999.998
2026-09-28 11:24:18,other,,14.1,none,999.998
2026-09-28 11:24:21,idle,,0.9,none,999.998
2026-09-28 11:24:24,idle,,0.9,none,999.998
2026-09-28 11:24:27,time,crc_ok,13.9,decoded,999.998
2026-09-28 11:24:30,idle,,0.9,none,999.998
2026-09-28 11:24:33,other,,13.9,none,999.998
2026-09-28 11:24:36,idle,,0.9,none,999.998
2026-09-28 11:24:39,idle,,0.8,none,999.998
2026-09-28 11:24:42,idle,,0.9,none,999.998
2026-09-28 11:24:45,time,crc_ok,13.6,decoded,999.998
2026-09-28 11:24:48,other,,14.0,none,999.998
2026-09-28 11:24:51,idle,,0.9,none,999.998
2026-09-28 11:24:54,other,,14.1,none,999.998
2026-09-28 11:24:57,idle,,0.9,none,999.998
2026-09-28 11:25:00,idle,,0.9,none,999.998
2026-09-28 11:25:03,time,crc_ok,13.9,decoded,999.998
2026-09-28 11:25:06,idle,,0.9,none,999.998
2026-09-28 11:25:09,idle,,1.0,none,999.998
2026-09-28 11:25:12,other,,14.1,none,999.998
2026-09-28 11:25:15,idle,,0.9,none,999.998
2026-09-28 11:25:18,idle,,0.9,none,999.998
2026-09-28 11:25:21,time,crc_ok,14.3,decoded,999.998
2026-09-28 11:25:24,idle,,0.9,none,999.998
2026-09-28 11:25:27,idle,,0.9,none,999.998
2026-09-28 11:25:30,time,crc_ok,13.8,decoded,999.998
2026-09-28 11:25:33,other,,14.3,none,999.998
2026-09-28 11:25:36,time,crc_ok,13.9,decoded,999.998
2026-09-28 11:25:39,idle,,1.0,none,999.998
2026-09-28 11:25:42,other,,14.1,none,999.998
2026-09-28 11:25:45,other,,14.1,none,999.998
2026-09-28 11:25:48,idle,,0.9,none,999.998
2026-09-28 11:25:51,other,,14.1,none,999.998
2026-09-28 11:25:54,idle,,0.9,none,999.998
2026-09-28 11:25:57,idle,,0.9,none,999.998
2026-09-28 11:26:00,idle,,0.9,none,999.998
2026-09-28 11:26:03,time,crc_ok,13.6,decoded,999.998
2026-09-28 11:26:06,idle,,0.9,none,999.998
2026-09-28 11:26:09,other,,14.0,none,999.998
2026-09-28 11:26:12,idle,,0.9,none,999.998
2026-09-28 11:26:15,time,crc_ok,13.4,decoded,999.998
2026-09-28 11:26:18,idle,,0.9,none,999.998
2026-09-28 11:26:21,idle,,0.9,none,999.998
2026-09-28 11:26:24,idle,,0.9,none,999.998
2026-09-28 11:26:27,idle,,0.9,none,999.998
2026-09-28 11:26:30,idle,,0.9,none,999.998
2026-09-28 11:26:33,other,,14.2,none,999.998
2026-09-28 11:26:36,idle,,0.9,none,999.998
2026-09-28 11:26:39,other,,14.1,none,999.998
2026-09-28 11:26:42,idle,,0.9,none,999.998
2026-09-28 11:26:45,time,bit_errors,13.7,decoded,999.998
2026-09-28 11:26:48,other,,14.1,none,999.998
2026-09-28 11:26:51,time,crc_ok,13.3,decoded,999.998
2026-09-28 11:26:54,idle,,1.1,none,999.998
2026-09-28 11:26:57,other,,14.3,none,999.998
2026-09-28 11:27:00,other,,14.1,none,999.998
2026-09-28 11:27:03,time,crc_ok,13.6,decoded,999.998
2026-09-28 11:27:06,idle,,0.9,none,999.998
2026-09-28 11:27:09,other,,14.2,none,999.998
2026-09-28 11:27:12,idle,,1.0,none,999.998
2026-09-28 11:27:15,time,bit_errors,13.6,decoded,999.998
2026-09-28 11:27:18,time,crc_ok,13.9,decoded,999.998
2026-09-28 11:27:21,other,,14.2,none,999.998
2026-09-28 11:27:24,idle,,0.9,none,999.998
2026-09-28 11:27:27,other,,14.2,none,999.998
2026-09-28 11:27:30,time,crc_ok,13.9,decoded,999.998
2026-09-28 11:27:33,other,,13.9,none,999.998
2026-09-28 11:27:36,idle,,0.9,none,999.998
2026-09-28 11:27:39,time,crc_ok,14.1,decoded,999.998
2026-09-28 11:27:42,idle,,0.9,none,999.998
2026-09-28 11:27:45,time,crc_ok,13.9,decoded,999.998
2026-09-28 11:27:48,idle,,0.8,none,999.998
2026-09-28 11:27:51,idle,,0.9,none,999.998
2026-09-28 11:27:54,idle,,0.9,none,999.998
2026-09-28 11:27:57,idle,,0.9,none,999.998
2026-09-28 11:28:00,idle,,0.9,none,999.998
2026-09-28 11:28:03,time,crc_ok,14.0,decoded,999.998
2026-09-28 11:28:06,other,,14.1,none,999.998
2026-09-28 11:28:09,idle,,0.9,none,999.998
2026-09-28 11:28:12,time,crc_ok,13.9,decoded,999.998
2026-09-28 11:28:15,idle,,0.9,none,999.998
2026-09-28 11:28:18,unclear,,268.8,none,999.998
2026-09-28 11:28:21,idle,,1.0,none,999.998
2026-09-28 11:28:24,other,,14.1,none,999.998
2026-09-28 11:28:27,idle,,0.9,none,999.998
2026-09-28 11:28:30,time,crc_ok,13.6,decoded,999.998
2026-09-28 11:28:33,other,,14.2,none,999.998
2026-09-28 11:28:36,idle,,0.9,none,999.998
2026-09-28 11:28:39,other,,14.1,none,999.998
2026-09-28 11:28:42,time,crc_ok,13.8,decoded,999.998
2026-09-28 11:28:45,idle,,0.9,none,999.998
2026-09-28 11:28:48,idle,,0.9,none,999.998
2026-09-28 11:28:51,other,,14.2,none,999.998
2026-09-28 11:28:54,other,,14.0,none,999.998
2026-09-28 11:28:57,idle,,0.9,none,999.998
2026-09-28 11:29:00,idle,,0.9,none,999.998
2026-09-28 11:29:03,time,crc_ok,13.9,decoded,999.998
2026-09-28 11:29:06,other,,14.1,none,999.998
2026-09-28 11:29:09,idle,,0.9,none,999.998
2026-09-28 11:29:12,other,,14.1,none,999.998
2026-09-28 11:29:15,time,crc_ok,13.4,decoded,999.998
2026-09-28 11:29:18,time,crc_ok,14.3,decoded,999.998
2026-09-28 11:29:21,idle,,1.0,none,999.998
2026-09-28 11:29:24,time,crc_ok,13.6,decoded,999.998
2026-09-28 11:29:27,other,,14.0,none,999.998
2026-09-28 11:29:30,idle,,1.0,none,999.998
2026-09-28 11:29:33,other,,14.1,none,999.998
2026-09-28 11:29:36,idle,,1.0,none,999.998
2026-09-28 11:29:39,other,,14.1,none,999.998
2026-09-28 11:29:42,other,,14.1,none,999.998
2026-09-28 11:29:45,other,,14.1,none,999.998
2026-09-28 11:29:48,idle,,0.8,none,999.998
2026-09-28 11:29:51,idle,,1.0,none,999.998
2026-09-28 11:29:54,idle,,0.9,none,999.998
2026-09-28 11:29:57,other,,14.1,none,999.998
2026-09-28 11:30:03,time,crc_ok,13.8,decoded,1000.000
2026-09-28 11:30:06,idle,,1.0,none,1000.000
2026-09-28 11:30:09,other,,14.1,none,1000.000
2026-09-28 11:30:12,other,,14.0,none,1000.000
2026-09-28 11:30:15,time,crc_ok,14.0,decoded,1000.000
2026-09-28 11:30:18,idle,,1.0,none,1000.000
2026-09-28 11:30:21,idle,,1.0,none,1000.000
2026-09-28 11:30:24,idle,,1.1,none,1000.000
2026-09-28 11:30:27,other,,14.0,none,1000.000
2026-09-28 11:30:30,time,crc_ok,13.6,decoded,1000.000
2026-09-28 11:30:33,other,,13.8,none,1000.000
2026-09-28 11:30:36,other,,14.0,none,1000.000
2026-09-28 11:30:39,idle,,1.0,none,1000.000
2026-09-28 11:30:42,other,,14.0,none,1000.000
2026-09-28 11:30:45,time,crc_ok,13.9,decoded,1000.000
2026-09-28 11:30:48,time,crc_ok,13.7,decoded,1000.000
2026-09-28 11:30:51,idle,,1.1,none,1000.000
2026-09-28 11:30:54,time,crc_ok,14.3,decoded,1000.000
2026-09-28 11:30:57,other,,14.2,none,1000.000
2026-09-28 11:31:00,idle,,1.1,none,1000.000
2026-09-28 11:31:03,time,crc_ok,14.4,decoded,1000.000
2026-09-28 11:31:06,other,,14.2,none,1000.000
2026-09-28 11:31:09,idle,,0.9,none,1000.000
2026-09-28 11:31:12,other,,14.1,none,1000.000
2026-09-28 11:31:15,other,,14.2,none,1000.000
2026-09-28 11:31:18,idle,,0.9,none,1000.000
2026-09-28 11:31:21,time,crc_ok,14.0,decoded,1000.000
2026-09-28 11:31:24,idle,,1.0,none,1000.000
2026-09-28 11:31:27,idle,,0.9,none,1000.000
2026-09-28 11:31:30,idle,,0.9,none,1000.000
2026-09-28 11:31:33,other,,14.0,none,1000.000
2026-09-28 11:31:36,other,,14.0,none,1000.000
2026-09-28 11:31:39,other,,14.1,none,1000.000
2026-09-28 11:31:42,other,,14.1,none,1000.000
2026-09-28 11:31:45,time,crc_ok,13.7,decoded,1000.000
2026-09-28 11:31:48,time,crc_ok,13.7,decoded,1000.000
2026-09-28 11:31:51,other,,14.0,none,1000.000
2026-09-28 11:31:54,idle,,0.8,none,1000.000
2026-09-28 11:31:57,idle,,0.8,none,1000.000
2026-09-28 11:32:00,other,,14.0,none,1000.000
2026-09-28 11:32:03,time,crc_ok,13.8,decoded,1000.000
2026-09-28 11:32:06,other,,14.0,none,1000.000
2026-09-28 11:32:09,time,crc_ok,13.4,decoded,1000.000
2026-09-28 11:32:12,time,bit_errors,13.8,decoded,1000.000
2026-09-28 11:32:15,idle,,1.0,none,1000.000
2026-09-28 11:32:18,time,crc_ok,14.0,decoded,1000.000
2026-09-28 11:32:21,time,crc_ok,13.7,decoded,1000.000
2026-09-28 11:32:24,idle,,1.0,none,1000.000
2026-09-28 11:32:27,time,crc_ok,14.0,decoded,1000.000
2026-09-28 11:32:30,time,crc_ok,13.9,decoded,1000.000
2026-09-28 11:32:33,other,,14.5,none,1000.000
2026-09-28 11:32:36,idle,,0.8,none,1000.000
2026-09-28 11:32:39,other,,14.1,none,1000.000
2026-09-28 11:32:42,idle,,0.7,none,1000.000
2026-09-28 11:32:45,idle,,0.8,none,1000.000
2026-09-28 11:32:48,idle,,0.7,none,1000.000
2026-09-28 11:32:51,idle,,0.8,none,1000.000
2026-09-28 11:32:54,idle,,0.9,none,1000.000
2026-09-28 11:32:57,time,crc_ok,13.6,decoded,1000.000
2026-09-28 11:33:00,idle,,0.8,none,1000.000
2026-09-28 11:33:03,time,crc_ok,14.0,decoded,1000.000
2026-09-28 11:33:06,idle,,0.8,none,1000.000
2026-09-28 11:33:09,other,,14.1,none,1000.000
2026-09-28 11:33:12,idle,,0.8,none,1000.000
2026-09-28 11:33:15,idle,,0.9,none,1000.000
2026-09-28 11:33:18,idle,,0.8,none,1000.000
2026-09-28 11:33:21,idle,,0.8,none,1000.000
2026-09-28 11:33:24,idle,,0.8,none,1000.000
2026-09-28 11:33:27,time,crc_ok,13.7,decoded,1000.000
2026-09-28 11:33:30,idle,,0.9,none,1000.000
2026-09-28 11:33:33,other,,13.9,none,1000.000
2026-09-28 11:33:36,time,crc_ok,13.9,decoded,1000.000
2026-09-28 11:33:39,time,bit_errors,14.0,decoded,1000.000
2026-09-28 11:33:42,time,crc_ok,13.7,decoded,1000.000
2026-09-28 11:33:45,idle,,0.8,none,1000.000
2026-09-28 11:33:48,other,,14.1,none,1000.000
2026-09-28 11:33:51,other,,14.0,none,1000.000
2026-09-28 11:33:54,idle,,0.9,none,1000.000
2026-09-28 11:33:57,time,crc_ok,13.3,decoded,1000.000
2026-09-28 11:34:00,time,crc_ok,13.9,decoded,1000.000
2026-09-28 11:34:03,time,crc_ok,13.7,decoded,1000.000
2026-09-28 11:34:06,idle,,0.9,none,1000.000
2026-09-28 11:34:09,other,,14.2,none,1000.000
2026-09-28 11:34:12,time,crc_ok,13.5,decoded,1000.000
2026-09-28 11:34:15,time,crc_ok,13.8,decoded,1000.000
2026-09-28 11:34:18,idle,,0.9,none,1000.000
2026-09-28 11:34:21,idle,,0.9,none,1000.000
2026-09-28 11:34:24,idle,,0.9,none,1000.000
2026-09-28 11:34:27,time,crc_ok,13.4,decoded,1000.000
2026-09-28 11:34:30,idle,,0.9,none,1000.000
2026-09-28 11:34:33,other,,14.3,none,1000.000
2026-09-28 11:34:36,other,,14.1,none,1000.000
2026-09-28 11:34:39,idle,,0.9,none,1000.000
2026-09-28 11:34:42,idle,,1.0,none,1000.000
2026-09-28 11:34:45,idle,,0.9,none,1000.000
2026-09-28 11:34:48,time,crc_ok,13.4,decoded,1000.000
2026-09-28 11:34:51,other,,14.1,none,1000.000
2026-09-28 11:34:54,time,crc_ok,13.6,decoded,1000.000
2026-09-28 11:34:57,idle,,0.9,none,1000.000
2026-09-28 11:35:00,time,crc_ok,13.5,decoded,1000.000
2026-09-28 11:35:03,time,crc_ok,13.7,decoded,1000.000
2026-09-28 11:35:06,idle,,0.9,none,1000.000
2026-09-28 11:35:09,idle,,0.9,none,1000.000
2026-09-28 11:35:12,idle,,1.0,none,1000.000
2026-09-28 11:35:15,other,,14.1,none,1000.000
2026-09-28 11:35:18,other,,14.1,none,1000.000
2026-09-28 11:35:21,idle,,0.9,none,1000.000
2026-09-28 11:35:24,idle,,0.9,none,1000.000
2026-09-28 11:35:27,idle,,0.8,none,1000.000
2026-09-28 11:35:30,idle,,1.0,none,1000.000
2026-09-28 11:35:33,other,,14.5,none,1000.000
2026-09-28 11:35:36,idle,,1.0,none,1000.000
2026-09-28 11:35:39,time,bit_errors,13.8,decoded,1000.000
2026-09-28 11:35:42,time,crc_ok,13.8,decoded,1000.000
2026-09-28 11:35:45,idle,,0.9,none,1000.000
2026-09-28 11:35:48,time,crc_ok,13.9,decoded,1000.000
2026-09-28 11:35:51,idle,,0.9,none,1000.000
2026-09-28 11:35:54,time,crc_ok,14.1,decoded,1000.000
2026-09-28 11:35:57,time,crc_ok,13.9,decoded,1000.000
2026-09-28 11:36:00,idle,,0.9,none,1000.000
2026-09-28 11:36:03,time,crc_ok,13.6,decoded,1000.000
2026-09-28 11:36:06,idle,,0.9,none,1000.000
2026-09-28 11:36:09,other,,14.2,none,1000.000
2026-09-28 11:36:12,time,crc_ok,14.0,decoded,1000.000
2026-09-28 11:36:15,idle,,0.9,none,1000.000
2026-09-28 11:36:18,time,crc_ok,13.5,decoded,1000.000
2026-09-28 11:36:21,idle,,1.0,none,1000.000
2026-09-28 11:36:24,time,crc_ok,13.7,decoded,1000.000
2026-09-28 11:36:27,time,crc_ok,13.9,decoded,1000.000
2026-09-28 11:36:30,idle,,0.9,none,1000.000
2026-09-28 11:36:33,other,,14.3,none,1000.000
2026-09-28 11:36:36,idle,,1.0,none,1000.000
2026-09-28 11:36:39,idle,,1.0,none,1000.000
2026-09-28 11:36:42,idle,,0.9,none,1000.000
2026-09-28 11:36:45,other,,14.1,none,1000.000
2026-09-28 11:36:48,time,crc_ok,13.7,decoded,1000.000
2026-09-28 11:36:51,idle,,1.0,none,1000.000
2026-09-28 11:36:54,idle,,1.0,none,1000.000
2026-09-28 11:36:57,idle,,1.0,none,1000.000
2026-09-28 11:37:00,idle,,0.9,none,1000.000
2026-09-28 11:37:03,time,crc_ok,13.9,decoded,1000.000
2026-09-28 11:37:06,idle,,0.9,none,1000.000
2026-09-28 11:37:09,idle,,0.9,none,1000.000
2026-09-28 11:37:12,other,,14.1,none,1000.000
2026-09-28 11:37:15,idle,,1.0,none,1000.000
2026-09-28 11:37:18,other,,14.2,none,1000.000
2026-09-28 11:37:21,idle,,0.9,none,1000.000
2026-09-28 11:37:24,idle,,0.9,none,1000.000
2026-09-28 11:37:27,idle,,0.9,none,1000.000
2026-09-28 11:37:30,other,,14.2,none,1000.000
2026-09-28 11:37:33,other,,14.0,none,1000.000
2026-09-28 11:37:36,time,crc_ok,13.4,decoded,1000.000
2026-09-28 11:37:39,idle,,1.0,none,1000.000
2026-09-28 11:37:42,time,crc_ok,13.9,decoded,1000.000
2026-09-28 11:37:45,other,,14.1,none,1000.000
2026-09-28 11:37:48,idle,,0.9,none,1000.000
2026-09-28 11:37:51,other,,14.1,none,1000.000
2026-09-28 11:37:54,idle,,0.9,none,1000.000
2026-09-28 11:37:57,idle,,0.9,none,1000.000
2026-09-28 11:38:00,idle,,1.0,none,1000.000
2026-09-28 11:38:03,time,crc_ok,13.8,decoded,1000.000
2026-09-28 11:38:06,idle,,0.9,none,1000.000
2026-09-28 11:38:09,other,,14.1,none,1000.000
2026-09-28 11:38:12,idle,,0.9,none,1000.000
2026-09-28 11:38:15,time,crc_ok,13.7,decoded,1000.000
2026-09-28 11:38:18,idle,,0.9,none,1000.000
2026-09-28 11:38:21,idle,,1.0,none,1000.000
2026-09-28 11:38:24,idle,,0.9,none,1000.000
2026-09-28 11:38:27,idle,,1.0,none,1000.000
2026-09-28 11:38:30,other,,14.0,none,1000.000
2026-09-28 11:38:33,other,,13.9,none,1000.000
2026-09-28 11:38:36,idle,,0.9,none,1000.000
2026-09-28 11:38:39,time,crc_ok,13.7,decoded,1000.000
2026-09-28 11:38:42,idle,,1.0,none,1000.000
2026-09-28 11:38:45,other,,14.1,none,1000.000
2026-09-28 11:38:48,time,crc_ok,14.4,decoded,1000.000
2026-09-28 11:38:51,other,,14.1,none,1000.000
2026-09-28 11:38:54,idle,,1.0,none,1000.000
2026-09-28 11:38:57,idle,,1.2,none,1000.000
2026-09-28 11:39:00,idle,,0.8,none,1000.000
2026-09-28 11:39:03,time,crc_ok,13.8,decoded,1000.000
2026-09-28 11:39:06,idle,,0.9,none,1000.000
2026-09-28 11:39:09,other,,14.1,none,1000.000
2026-09-28 11:39:12,idle,,0.9,none,1000.000
2026-09-28 11:39:15,time,crc_ok,13.8,decoded,1000.000
2026-09-28 11:39:18,other,,14.1,none,1000.000
2026-09-28 11:39:21,time,crc_ok,13.7,decoded,1000.000
2026-09-28 11:39:24,idle,,0.9,none,1000.000
2026-09-28 11:39:27,idle,,0.9,none,1000.000
2026-09-28 11:39:30,idle,,0.9,none,1000.000
2026-09-28 11:39:33,other,,14.1,none,1000.000
2026-09-28 11:39:36,idle,,0.9,none,1000.000
2026-09-28 11:39:39,time,bit_errors,14.1,decoded,1000.000
2026-09-28 11:39:42,idle,,1.0,none,1000.000
2026-09-28 11:39:45,time,crc_ok,13.8,decoded,1000.000
2026-09-28 11:39:48,idle,,0.9,none,1000.000
2026-09-28 11:39:51,idle,,1.0,none,1000.000
2026-09-28 11:39:54,idle,,0.8,none,1000.000
2026-09-28 11:39:57,idle,,0.8,none,1000.000
